image_id,label
200001.jpg,bacterial_leaf_blight
200002.jpg,normal
200003.jpg,hispa
200004.jpg,blast
200005.jpg,blast
200006.jpg,hispa
200007.jpg,normal
200008.jpg,downy_mildew
200009.jpg,downy_mildew
200010.jpg,normal
200011.jpg,bacterial_panicle_blight
200012.jpg,hispa
200013.jpg,normal
200014.jpg,dead_heart
200015.jpg,normal
200016.jpg,hispa
200017.jpg,blast
200018.jpg,hispa
200019.jpg,dead_heart
200020.jpg,dead_heart
200021.jpg,bacterial_panicle_blight
200022.jpg,hispa
200023.jpg,tungro
200024.jpg,bacterial_leaf_streak
200025.jpg,dead_heart
200026.jpg,bacterial_leaf_streak
200027.jpg,blast
200028.jpg,bacterial_leaf_streak
200029.jpg,dead_heart
200030.jpg,bacterial_leaf_blight
200031.jpg,downy_mildew
200032.jpg,dead_heart
200033.jpg,bacterial_leaf_blight
200034.jpg,bacterial_leaf_streak
200035.jpg,dead_heart
200036.jpg,hispa
200037.jpg,downy_mildew
200038.jpg,brown_spot
200039.jpg,hispa
200040.jpg,brown_spot
200041.jpg,blast
200042.jpg,hispa
200043.jpg,bacterial_leaf_streak
200044.jpg,hispa
200045.jpg,tungro
200046.jpg,bacterial_leaf_blight
200047.jpg,bacterial_leaf_streak
200048.jpg,bacterial_panicle_blight
200049.jpg,dead_heart
200050.jpg,dead_heart
200051.jpg,bacterial_leaf_blight
200052.jpg,blast
200053.jpg,bacterial_leaf_blight
200054.jpg,normal
200055.jpg,tungro
200056.jpg,downy_mildew
200057.jpg,bacterial_leaf_streak
200058.jpg,tungro
200059.jpg,hispa
200060.jpg,bacterial_leaf_streak
200061.jpg,dead_heart
200062.jpg,downy_mildew
200063.jpg,blast
200064.jpg,hispa
200065.jpg,brown_spot
200066.jpg,normal
200067.jpg,bacterial_leaf_streak
200068.jpg,bacterial_leaf_streak
200069.jpg,dead_heart
200070.jpg,blast
200071.jpg,bacterial_panicle_blight
200072.jpg,dead_heart
200073.jpg,normal
200074.jpg,blast
200075.jpg,dead_heart
200076.jpg,bacterial_leaf_streak
200077.jpg,normal
200078.jpg,bacterial_leaf_streak
200079.jpg,brown_spot
200080.jpg,bacterial_leaf_streak
200081.jpg,dead_heart
200082.jpg,dead_heart
200083.jpg,bacterial_panicle_blight
200084.jpg,dead_heart
200085.jpg,bacterial_leaf_streak
200086.jpg,brown_spot
200087.jpg,dead_heart
200088.jpg,bacterial_leaf_streak
200089.jpg,tungro
200090.jpg,blast
200091.jpg,downy_mildew
200092.jpg,bacterial_leaf_streak
200093.jpg,hispa
200094.jpg,normal
200095.jpg,bacterial_leaf_blight
200096.jpg,bacterial_panicle_blight
200097.jpg,blast
200098.jpg,tungro
200099.jpg,dead_heart
200100.jpg,blast
200101.jpg,downy_mildew
200102.jpg,hispa
200103.jpg,bacterial_panicle_blight
200104.jpg,bacterial_leaf_blight
200105.jpg,downy_mildew
200106.jpg,blast
200107.jpg,downy_mildew
200108.jpg,downy_mildew
200109.jpg,blast
200110.jpg,blast
200111.jpg,hispa
200112.jpg,bacterial_leaf_streak
200113.jpg,normal
200114.jpg,hispa
200115.jpg,dead_heart
200116.jpg,bacterial_panicle_blight
200117.jpg,hispa
200118.jpg,dead_heart
200119.jpg,bacterial_panicle_blight
200120.jpg,tungro
200121.jpg,dead_heart
200122.jpg,downy_mildew
200123.jpg,dead_heart
200124.jpg,downy_mildew
200125.jpg,blast
200126.jpg,normal
200127.jpg,downy_mildew
200128.jpg,bacterial_leaf_streak
200129.jpg,blast
200130.jpg,dead_heart
200131.jpg,blast
200132.jpg,blast
200133.jpg,hispa
200134.jpg,bacterial_leaf_blight
200135.jpg,dead_heart
200136.jpg,tungro
200137.jpg,normal
200138.jpg,downy_mildew
200139.jpg,downy_mildew
200140.jpg,normal
200141.jpg,bacterial_leaf_streak
200142.jpg,bacterial_leaf_blight
200143.jpg,downy_mildew
200144.jpg,dead_heart
200145.jpg,bacterial_leaf_blight
200146.jpg,bacterial_leaf_streak
200147.jpg,dead_heart
200148.jpg,downy_mildew
200149.jpg,dead_heart
200150.jpg,dead_heart
200151.jpg,hispa
200152.jpg,dead_heart
200153.jpg,downy_mildew
200154.jpg,bacterial_leaf_streak
200155.jpg,downy_mildew
200156.jpg,bacterial_leaf_streak
200157.jpg,bacterial_leaf_streak
200158.jpg,tungro
200159.jpg,normal
200160.jpg,hispa
200161.jpg,downy_mildew
200162.jpg,hispa
200163.jpg,dead_heart
200164.jpg,dead_heart
200165.jpg,blast
200166.jpg,brown_spot
200167.jpg,blast
200168.jpg,downy_mildew
200169.jpg,brown_spot
200170.jpg,bacterial_panicle_blight
200171.jpg,dead_heart
200172.jpg,blast
200173.jpg,normal
200174.jpg,downy_mildew
200175.jpg,dead_heart
200176.jpg,bacterial_panicle_blight
200177.jpg,blast
200178.jpg,bacterial_leaf_streak
200179.jpg,brown_spot
200180.jpg,bacterial_panicle_blight
200181.jpg,bacterial_leaf_streak
200182.jpg,downy_mildew
200183.jpg,downy_mildew
200184.jpg,bacterial_leaf_streak
200185.jpg,downy_mildew
200186.jpg,blast
200187.jpg,bacterial_panicle_blight
200188.jpg,bacterial_panicle_blight
200189.jpg,dead_heart
200190.jpg,downy_mildew
200191.jpg,tungro
200192.jpg,hispa
200193.jpg,normal
200194.jpg,bacterial_leaf_streak
200195.jpg,brown_spot
200196.jpg,bacterial_panicle_blight
200197.jpg,hispa
200198.jpg,blast
200199.jpg,downy_mildew
200200.jpg,dead_heart
200201.jpg,tungro
200202.jpg,normal
200203.jpg,bacterial_leaf_streak
200204.jpg,normal
200205.jpg,brown_spot
200206.jpg,normal
200207.jpg,hispa
200208.jpg,bacterial_leaf_streak
200209.jpg,bacterial_leaf_streak
200210.jpg,blast
200211.jpg,bacterial_leaf_blight
200212.jpg,tungro
200213.jpg,hispa
200214.jpg,downy_mildew
200215.jpg,blast
200216.jpg,bacterial_panicle_blight
200217.jpg,bacterial_panicle_blight
200218.jpg,bacterial_panicle_blight
200219.jpg,blast
200220.jpg,bacterial_leaf_streak
200221.jpg,dead_heart
200222.jpg,bacterial_leaf_streak
200223.jpg,dead_heart
200224.jpg,normal
200225.jpg,bacterial_leaf_blight
200226.jpg,bacterial_panicle_blight
200227.jpg,dead_heart
200228.jpg,downy_mildew
200229.jpg,downy_mildew
200230.jpg,downy_mildew
200231.jpg,brown_spot
200232.jpg,normal
200233.jpg,bacterial_panicle_blight
200234.jpg,blast
200235.jpg,normal
200236.jpg,dead_heart
200237.jpg,bacterial_panicle_blight
200238.jpg,bacterial_leaf_streak
200239.jpg,brown_spot
200240.jpg,downy_mildew
200241.jpg,normal
200242.jpg,tungro
200243.jpg,bacterial_leaf_streak
200244.jpg,hispa
200245.jpg,bacterial_panicle_blight
200246.jpg,hispa
200247.jpg,brown_spot
200248.jpg,normal
200249.jpg,bacterial_panicle_blight
200250.jpg,blast
200251.jpg,bacterial_leaf_streak
200252.jpg,brown_spot
200253.jpg,bacterial_leaf_streak
200254.jpg,dead_heart
200255.jpg,bacterial_panicle_blight
200256.jpg,tungro
200257.jpg,dead_heart
200258.jpg,downy_mildew
200259.jpg,dead_heart
200260.jpg,bacterial_panicle_blight
200261.jpg,normal
200262.jpg,brown_spot
200263.jpg,brown_spot
200264.jpg,normal
200265.jpg,hispa
200266.jpg,bacterial_leaf_streak
200267.jpg,blast
200268.jpg,normal
200269.jpg,downy_mildew
200270.jpg,bacterial_panicle_blight
200271.jpg,brown_spot
200272.jpg,downy_mildew
200273.jpg,normal
200274.jpg,downy_mildew
200275.jpg,normal
200276.jpg,dead_heart
200277.jpg,normal
200278.jpg,normal
200279.jpg,bacterial_leaf_streak
200280.jpg,hispa
200281.jpg,bacterial_panicle_blight
200282.jpg,normal
200283.jpg,hispa
200284.jpg,normal
200285.jpg,normal
200286.jpg,bacterial_leaf_blight
200287.jpg,downy_mildew
200288.jpg,hispa
200289.jpg,dead_heart
200290.jpg,normal
200291.jpg,brown_spot
200292.jpg,hispa
200293.jpg,tungro
200294.jpg,hispa
200295.jpg,downy_mildew
200296.jpg,normal
200297.jpg,bacterial_leaf_streak
200298.jpg,bacterial_panicle_blight
200299.jpg,blast
200300.jpg,blast
200301.jpg,downy_mildew
200302.jpg,dead_heart
200303.jpg,blast
200304.jpg,normal
200305.jpg,dead_heart
200306.jpg,downy_mildew
200307.jpg,bacterial_leaf_blight
200308.jpg,hispa
200309.jpg,bacterial_panicle_blight
200310.jpg,bacterial_leaf_streak
200311.jpg,normal
200312.jpg,hispa
200313.jpg,normal
200314.jpg,downy_mildew
200315.jpg,bacterial_leaf_streak
200316.jpg,dead_heart
200317.jpg,hispa
200318.jpg,dead_heart
200319.jpg,normal
200320.jpg,hispa
200321.jpg,bacterial_panicle_blight
200322.jpg,bacterial_leaf_streak
200323.jpg,bacterial_panicle_blight
200324.jpg,blast
200325.jpg,brown_spot
200326.jpg,bacterial_panicle_blight
200327.jpg,bacterial_leaf_streak
200328.jpg,blast
200329.jpg,dead_heart
200330.jpg,blast
200331.jpg,downy_mildew
200332.jpg,bacterial_leaf_streak
200333.jpg,hispa
200334.jpg,bacterial_leaf_streak
200335.jpg,bacterial_panicle_blight
200336.jpg,hispa
200337.jpg,bacterial_panicle_blight
200338.jpg,hispa
200339.jpg,dead_heart
200340.jpg,dead_heart
200341.jpg,normal
200342.jpg,bacterial_leaf_streak
200343.jpg,downy_mildew
200344.jpg,blast
200345.jpg,tungro
200346.jpg,tungro
200347.jpg,hispa
200348.jpg,downy_mildew
200349.jpg,brown_spot
200350.jpg,bacterial_panicle_blight
200351.jpg,dead_heart
200352.jpg,bacterial_leaf_streak
200353.jpg,blast
200354.jpg,hispa
200355.jpg,downy_mildew
200356.jpg,blast
200357.jpg,dead_heart
200358.jpg,bacterial_leaf_streak
200359.jpg,normal
200360.jpg,bacterial_leaf_streak
200361.jpg,brown_spot
200362.jpg,dead_heart
200363.jpg,downy_mildew
200364.jpg,dead_heart
200365.jpg,tungro
200366.jpg,blast
200367.jpg,blast
200368.jpg,dead_heart
200369.jpg,bacterial_panicle_blight
200370.jpg,downy_mildew
200371.jpg,bacterial_leaf_streak
200372.jpg,normal
200373.jpg,blast
200374.jpg,bacterial_panicle_blight
200375.jpg,bacterial_leaf_streak
200376.jpg,brown_spot
200377.jpg,blast
200378.jpg,dead_heart
200379.jpg,bacterial_panicle_blight
200380.jpg,normal
200381.jpg,brown_spot
200382.jpg,normal
200383.jpg,normal
200384.jpg,brown_spot
200385.jpg,hispa
200386.jpg,normal
200387.jpg,blast
200388.jpg,normal
200389.jpg,bacterial_panicle_blight
200390.jpg,blast
200391.jpg,brown_spot
200392.jpg,dead_heart
200393.jpg,bacterial_panicle_blight
200394.jpg,dead_heart
200395.jpg,bacterial_leaf_streak
200396.jpg,bacterial_leaf_blight
200397.jpg,blast
200398.jpg,blast
200399.jpg,brown_spot
200400.jpg,normal
200401.jpg,dead_heart
200402.jpg,normal
200403.jpg,blast
200404.jpg,bacterial_leaf_streak
200405.jpg,brown_spot
200406.jpg,downy_mildew
200407.jpg,normal
200408.jpg,dead_heart
200409.jpg,bacterial_leaf_blight
200410.jpg,downy_mildew
200411.jpg,downy_mildew
200412.jpg,downy_mildew
200413.jpg,blast
200414.jpg,dead_heart
200415.jpg,bacterial_leaf_streak
200416.jpg,blast
200417.jpg,dead_heart
200418.jpg,hispa
200419.jpg,hispa
200420.jpg,bacterial_leaf_streak
200421.jpg,hispa
200422.jpg,blast
200423.jpg,hispa
200424.jpg,downy_mildew
200425.jpg,downy_mildew
200426.jpg,dead_heart
200427.jpg,blast
200428.jpg,downy_mildew
200429.jpg,downy_mildew
200430.jpg,hispa
200431.jpg,downy_mildew
200432.jpg,dead_heart
200433.jpg,bacterial_panicle_blight
200434.jpg,brown_spot
200435.jpg,hispa
200436.jpg,normal
200437.jpg,tungro
200438.jpg,normal
200439.jpg,blast
200440.jpg,hispa
200441.jpg,normal
200442.jpg,dead_heart
200443.jpg,bacterial_panicle_blight
200444.jpg,downy_mildew
200445.jpg,dead_heart
200446.jpg,dead_heart
200447.jpg,normal
200448.jpg,bacterial_leaf_streak
200449.jpg,bacterial_leaf_streak
200450.jpg,dead_heart
200451.jpg,bacterial_panicle_blight
200452.jpg,brown_spot
200453.jpg,tungro
200454.jpg,blast
200455.jpg,hispa
200456.jpg,normal
200457.jpg,hispa
200458.jpg,blast
200459.jpg,hispa
200460.jpg,hispa
200461.jpg,bacterial_leaf_streak
200462.jpg,blast
200463.jpg,bacterial_panicle_blight
200464.jpg,normal
200465.jpg,brown_spot
200466.jpg,tungro
200467.jpg,hispa
200468.jpg,bacterial_leaf_streak
200469.jpg,normal
200470.jpg,bacterial_leaf_blight
200471.jpg,brown_spot
200472.jpg,hispa
200473.jpg,normal
200474.jpg,hispa
200475.jpg,brown_spot
200476.jpg,dead_heart
200477.jpg,blast
200478.jpg,dead_heart
200479.jpg,blast
200480.jpg,dead_heart
200481.jpg,hispa
200482.jpg,brown_spot
200483.jpg,dead_heart
200484.jpg,tungro
200485.jpg,brown_spot
200486.jpg,hispa
200487.jpg,bacterial_leaf_blight
200488.jpg,downy_mildew
200489.jpg,normal
200490.jpg,hispa
200491.jpg,bacterial_leaf_streak
200492.jpg,brown_spot
200493.jpg,dead_heart
200494.jpg,hispa
200495.jpg,hispa
200496.jpg,dead_heart
200497.jpg,hispa
200498.jpg,blast
200499.jpg,dead_heart
200500.jpg,normal
200501.jpg,normal
200502.jpg,bacterial_leaf_streak
200503.jpg,bacterial_leaf_streak
200504.jpg,bacterial_leaf_streak
200505.jpg,bacterial_leaf_streak
200506.jpg,bacterial_panicle_blight
200507.jpg,hispa
200508.jpg,dead_heart
200509.jpg,blast
200510.jpg,brown_spot
200511.jpg,downy_mildew
200512.jpg,hispa
200513.jpg,hispa
200514.jpg,blast
200515.jpg,dead_heart
200516.jpg,brown_spot
200517.jpg,normal
200518.jpg,bacterial_panicle_blight
200519.jpg,brown_spot
200520.jpg,bacterial_panicle_blight
200521.jpg,blast
200522.jpg,bacterial_panicle_blight
200523.jpg,hispa
200524.jpg,brown_spot
200525.jpg,dead_heart
200526.jpg,downy_mildew
200527.jpg,bacterial_panicle_blight
200528.jpg,dead_heart
200529.jpg,blast
200530.jpg,normal
200531.jpg,hispa
200532.jpg,hispa
200533.jpg,bacterial_leaf_blight
200534.jpg,brown_spot
200535.jpg,hispa
200536.jpg,blast
200537.jpg,normal
200538.jpg,downy_mildew
200539.jpg,bacterial_panicle_blight
200540.jpg,downy_mildew
200541.jpg,normal
200542.jpg,bacterial_panicle_blight
200543.jpg,dead_heart
200544.jpg,blast
200545.jpg,dead_heart
200546.jpg,hispa
200547.jpg,downy_mildew
200548.jpg,downy_mildew
200549.jpg,dead_heart
200550.jpg,downy_mildew
200551.jpg,bacterial_leaf_blight
200552.jpg,bacterial_leaf_streak
200553.jpg,downy_mildew
200554.jpg,bacterial_panicle_blight
200555.jpg,hispa
200556.jpg,bacterial_panicle_blight
200557.jpg,downy_mildew
200558.jpg,tungro
200559.jpg,hispa
200560.jpg,dead_heart
200561.jpg,downy_mildew
200562.jpg,hispa
200563.jpg,blast
200564.jpg,downy_mildew
200565.jpg,bacterial_panicle_blight
200566.jpg,bacterial_leaf_streak
200567.jpg,bacterial_panicle_blight
200568.jpg,dead_heart
200569.jpg,bacterial_leaf_streak
200570.jpg,bacterial_leaf_blight
200571.jpg,dead_heart
200572.jpg,normal
200573.jpg,dead_heart
200574.jpg,hispa
200575.jpg,hispa
200576.jpg,brown_spot
200577.jpg,blast
200578.jpg,dead_heart
200579.jpg,dead_heart
200580.jpg,hispa
200581.jpg,bacterial_leaf_blight
200582.jpg,bacterial_leaf_streak
200583.jpg,brown_spot
200584.jpg,bacterial_panicle_blight
200585.jpg,bacterial_leaf_streak
200586.jpg,dead_heart
200587.jpg,dead_heart
200588.jpg,blast
200589.jpg,hispa
200590.jpg,bacterial_leaf_streak
200591.jpg,hispa
200592.jpg,hispa
200593.jpg,normal
200594.jpg,bacterial_panicle_blight
200595.jpg,blast
200596.jpg,hispa
200597.jpg,normal
200598.jpg,dead_heart
200599.jpg,blast
200600.jpg,hispa
200601.jpg,dead_heart
200602.jpg,dead_heart
200603.jpg,bacterial_panicle_blight
200604.jpg,normal
200605.jpg,dead_heart
200606.jpg,downy_mildew
200607.jpg,bacterial_leaf_streak
200608.jpg,normal
200609.jpg,downy_mildew
200610.jpg,bacterial_leaf_streak
200611.jpg,brown_spot
200612.jpg,blast
200613.jpg,normal
200614.jpg,tungro
200615.jpg,hispa
200616.jpg,bacterial_leaf_streak
200617.jpg,bacterial_leaf_blight
200618.jpg,downy_mildew
200619.jpg,downy_mildew
200620.jpg,blast
200621.jpg,hispa
200622.jpg,dead_heart
200623.jpg,downy_mildew
200624.jpg,hispa
200625.jpg,hispa
200626.jpg,downy_mildew
200627.jpg,blast
200628.jpg,bacterial_leaf_streak
200629.jpg,blast
200630.jpg,downy_mildew
200631.jpg,downy_mildew
200632.jpg,dead_heart
200633.jpg,blast
200634.jpg,hispa
200635.jpg,hispa
200636.jpg,hispa
200637.jpg,bacterial_leaf_blight
200638.jpg,dead_heart
200639.jpg,blast
200640.jpg,dead_heart
200641.jpg,blast
200642.jpg,dead_heart
200643.jpg,normal
200644.jpg,normal
200645.jpg,brown_spot
200646.jpg,downy_mildew
200647.jpg,bacterial_panicle_blight
200648.jpg,bacterial_leaf_blight
200649.jpg,downy_mildew
200650.jpg,dead_heart
200651.jpg,blast
200652.jpg,brown_spot
200653.jpg,normal
200654.jpg,blast
200655.jpg,bacterial_leaf_streak
200656.jpg,hispa
200657.jpg,bacterial_panicle_blight
200658.jpg,dead_heart
200659.jpg,bacterial_leaf_streak
200660.jpg,dead_heart
200661.jpg,bacterial_leaf_streak
200662.jpg,blast
200663.jpg,hispa
200664.jpg,downy_mildew
200665.jpg,downy_mildew
200666.jpg,blast
200667.jpg,bacterial_panicle_blight
200668.jpg,normal
200669.jpg,downy_mildew
200670.jpg,downy_mildew
200671.jpg,downy_mildew
200672.jpg,bacterial_panicle_blight
200673.jpg,normal
200674.jpg,normal
200675.jpg,bacterial_panicle_blight
200676.jpg,dead_heart
200677.jpg,hispa
200678.jpg,normal
200679.jpg,bacterial_leaf_streak
200680.jpg,brown_spot
200681.jpg,blast
200682.jpg,normal
200683.jpg,tungro
200684.jpg,normal
200685.jpg,downy_mildew
200686.jpg,bacterial_panicle_blight
200687.jpg,blast
200688.jpg,bacterial_leaf_streak
200689.jpg,dead_heart
200690.jpg,hispa
200691.jpg,downy_mildew
200692.jpg,dead_heart
200693.jpg,bacterial_panicle_blight
200694.jpg,tungro
200695.jpg,bacterial_leaf_streak
200696.jpg,tungro
200697.jpg,brown_spot
200698.jpg,tungro
200699.jpg,dead_heart
200700.jpg,bacterial_leaf_streak
200701.jpg,dead_heart
200702.jpg,downy_mildew
200703.jpg,normal
200704.jpg,downy_mildew
200705.jpg,downy_mildew
200706.jpg,dead_heart
200707.jpg,downy_mildew
200708.jpg,hispa
200709.jpg,dead_heart
200710.jpg,hispa
200711.jpg,normal
200712.jpg,normal
200713.jpg,hispa
200714.jpg,downy_mildew
200715.jpg,bacterial_leaf_blight
200716.jpg,bacterial_leaf_streak
200717.jpg,downy_mildew
200718.jpg,hispa
200719.jpg,normal
200720.jpg,dead_heart
200721.jpg,hispa
200722.jpg,hispa
200723.jpg,hispa
200724.jpg,dead_heart
200725.jpg,normal
200726.jpg,dead_heart
200727.jpg,bacterial_panicle_blight
200728.jpg,bacterial_leaf_streak
200729.jpg,bacterial_panicle_blight
200730.jpg,bacterial_leaf_streak
200731.jpg,tungro
200732.jpg,hispa
200733.jpg,bacterial_panicle_blight
200734.jpg,dead_heart
200735.jpg,tungro
200736.jpg,bacterial_leaf_streak
200737.jpg,hispa
200738.jpg,dead_heart
200739.jpg,normal
200740.jpg,normal
200741.jpg,bacterial_panicle_blight
200742.jpg,bacterial_panicle_blight
200743.jpg,bacterial_leaf_streak
200744.jpg,blast
200745.jpg,downy_mildew
200746.jpg,normal
200747.jpg,brown_spot
200748.jpg,downy_mildew
200749.jpg,downy_mildew
200750.jpg,bacterial_leaf_streak
200751.jpg,bacterial_leaf_streak
200752.jpg,hispa
200753.jpg,tungro
200754.jpg,bacterial_leaf_streak
200755.jpg,dead_heart
200756.jpg,dead_heart
200757.jpg,tungro
200758.jpg,bacterial_panicle_blight
200759.jpg,blast
200760.jpg,downy_mildew
200761.jpg,downy_mildew
200762.jpg,bacterial_leaf_streak
200763.jpg,normal
200764.jpg,dead_heart
200765.jpg,downy_mildew
200766.jpg,hispa
200767.jpg,blast
200768.jpg,dead_heart
200769.jpg,normal
200770.jpg,bacterial_leaf_streak
200771.jpg,bacterial_leaf_streak
200772.jpg,bacterial_panicle_blight
200773.jpg,dead_heart
200774.jpg,normal
200775.jpg,hispa
200776.jpg,bacterial_panicle_blight
200777.jpg,bacterial_leaf_blight
200778.jpg,downy_mildew
200779.jpg,normal
200780.jpg,bacterial_leaf_streak
200781.jpg,bacterial_leaf_streak
200782.jpg,blast
200783.jpg,downy_mildew
200784.jpg,downy_mildew
200785.jpg,downy_mildew
200786.jpg,brown_spot
200787.jpg,tungro
200788.jpg,dead_heart
200789.jpg,hispa
200790.jpg,downy_mildew
200791.jpg,normal
200792.jpg,dead_heart
200793.jpg,downy_mildew
200794.jpg,bacterial_leaf_streak
200795.jpg,normal
200796.jpg,blast
200797.jpg,normal
200798.jpg,bacterial_leaf_streak
200799.jpg,dead_heart
200800.jpg,hispa
200801.jpg,bacterial_leaf_streak
200802.jpg,dead_heart
200803.jpg,dead_heart
200804.jpg,bacterial_leaf_streak
200805.jpg,hispa
200806.jpg,tungro
200807.jpg,bacterial_panicle_blight
200808.jpg,dead_heart
200809.jpg,hispa
200810.jpg,bacterial_leaf_blight
200811.jpg,bacterial_panicle_blight
200812.jpg,normal
200813.jpg,hispa
200814.jpg,blast
200815.jpg,dead_heart
200816.jpg,blast
200817.jpg,bacterial_leaf_streak
200818.jpg,blast
200819.jpg,downy_mildew
200820.jpg,bacterial_leaf_streak
200821.jpg,blast
200822.jpg,brown_spot
200823.jpg,bacterial_panicle_blight
200824.jpg,bacterial_panicle_blight
200825.jpg,blast
200826.jpg,bacterial_leaf_streak
200827.jpg,normal
200828.jpg,hispa
200829.jpg,bacterial_leaf_streak
200830.jpg,bacterial_leaf_streak
200831.jpg,bacterial_panicle_blight
200832.jpg,downy_mildew
200833.jpg,blast
200834.jpg,normal
200835.jpg,downy_mildew
200836.jpg,downy_mildew
200837.jpg,bacterial_panicle_blight
200838.jpg,tungro
200839.jpg,bacterial_leaf_streak
200840.jpg,normal
200841.jpg,tungro
200842.jpg,bacterial_leaf_streak
200843.jpg,hispa
200844.jpg,hispa
200845.jpg,dead_heart
200846.jpg,bacterial_leaf_streak
200847.jpg,downy_mildew
200848.jpg,hispa
200849.jpg,bacterial_panicle_blight
200850.jpg,dead_heart
200851.jpg,bacterial_panicle_blight
200852.jpg,normal
200853.jpg,bacterial_panicle_blight
200854.jpg,normal
200855.jpg,dead_heart
200856.jpg,brown_spot
200857.jpg,downy_mildew
200858.jpg,brown_spot
200859.jpg,blast
200860.jpg,normal
200861.jpg,bacterial_leaf_streak
200862.jpg,downy_mildew
200863.jpg,dead_heart
200864.jpg,dead_heart
200865.jpg,bacterial_leaf_blight
200866.jpg,downy_mildew
200867.jpg,tungro
200868.jpg,normal
200869.jpg,bacterial_panicle_blight
200870.jpg,normal
200871.jpg,tungro
200872.jpg,bacterial_leaf_blight
200873.jpg,tungro
200874.jpg,dead_heart
200875.jpg,hispa
200876.jpg,bacterial_leaf_streak
200877.jpg,brown_spot
200878.jpg,dead_heart
200879.jpg,blast
200880.jpg,brown_spot
200881.jpg,downy_mildew
200882.jpg,normal
200883.jpg,dead_heart
200884.jpg,tungro
200885.jpg,bacterial_panicle_blight
200886.jpg,dead_heart
200887.jpg,dead_heart
200888.jpg,brown_spot
200889.jpg,downy_mildew
200890.jpg,blast
200891.jpg,downy_mildew
200892.jpg,normal
200893.jpg,blast
200894.jpg,bacterial_leaf_streak
200895.jpg,bacterial_panicle_blight
200896.jpg,normal
200897.jpg,normal
200898.jpg,dead_heart
200899.jpg,dead_heart
200900.jpg,blast
200901.jpg,normal
200902.jpg,hispa
200903.jpg,normal
200904.jpg,dead_heart
200905.jpg,downy_mildew
200906.jpg,hispa
200907.jpg,blast
200908.jpg,bacterial_leaf_streak
200909.jpg,bacterial_leaf_streak
200910.jpg,bacterial_panicle_blight
200911.jpg,tungro
200912.jpg,dead_heart
200913.jpg,bacterial_leaf_streak
200914.jpg,blast
200915.jpg,downy_mildew
200916.jpg,bacterial_leaf_blight
200917.jpg,bacterial_leaf_blight
200918.jpg,downy_mildew
200919.jpg,dead_heart
200920.jpg,downy_mildew
200921.jpg,hispa
200922.jpg,bacterial_leaf_blight
200923.jpg,normal
200924.jpg,downy_mildew
200925.jpg,hispa
200926.jpg,blast
200927.jpg,bacterial_leaf_streak
200928.jpg,downy_mildew
200929.jpg,downy_mildew
200930.jpg,bacterial_leaf_streak
200931.jpg,dead_heart
200932.jpg,dead_heart
200933.jpg,downy_mildew
200934.jpg,tungro
200935.jpg,brown_spot
200936.jpg,bacterial_leaf_streak
200937.jpg,hispa
200938.jpg,dead_heart
200939.jpg,blast
200940.jpg,hispa
200941.jpg,bacterial_leaf_streak
200942.jpg,blast
200943.jpg,hispa
200944.jpg,dead_heart
200945.jpg,dead_heart
200946.jpg,tungro
200947.jpg,bacterial_leaf_streak
200948.jpg,bacterial_panicle_blight
200949.jpg,downy_mildew
200950.jpg,brown_spot
200951.jpg,normal
200952.jpg,brown_spot
200953.jpg,bacterial_leaf_streak
200954.jpg,normal
200955.jpg,hispa
200956.jpg,downy_mildew
200957.jpg,downy_mildew
200958.jpg,downy_mildew
200959.jpg,downy_mildew
200960.jpg,dead_heart
200961.jpg,bacterial_panicle_blight
200962.jpg,downy_mildew
200963.jpg,blast
200964.jpg,bacterial_leaf_streak
200965.jpg,downy_mildew
200966.jpg,dead_heart
200967.jpg,downy_mildew
200968.jpg,blast
200969.jpg,downy_mildew
200970.jpg,downy_mildew
200971.jpg,dead_heart
200972.jpg,bacterial_leaf_blight
200973.jpg,downy_mildew
200974.jpg,bacterial_leaf_streak
200975.jpg,downy_mildew
200976.jpg,normal
200977.jpg,downy_mildew
200978.jpg,bacterial_panicle_blight
200979.jpg,hispa
200980.jpg,hispa
200981.jpg,dead_heart
200982.jpg,bacterial_leaf_streak
200983.jpg,hispa
200984.jpg,downy_mildew
200985.jpg,bacterial_leaf_streak
200986.jpg,blast
200987.jpg,tungro
200988.jpg,blast
200989.jpg,hispa
200990.jpg,bacterial_leaf_streak
200991.jpg,downy_mildew
200992.jpg,normal
200993.jpg,tungro
200994.jpg,normal
200995.jpg,bacterial_leaf_blight
200996.jpg,bacterial_panicle_blight
200997.jpg,bacterial_panicle_blight
200998.jpg,hispa
200999.jpg,hispa
201000.jpg,tungro
201001.jpg,downy_mildew
201002.jpg,tungro
201003.jpg,tungro
201004.jpg,normal
201005.jpg,bacterial_leaf_blight
201006.jpg,bacterial_leaf_streak
201007.jpg,hispa
201008.jpg,dead_heart
201009.jpg,downy_mildew
201010.jpg,dead_heart
201011.jpg,brown_spot
201012.jpg,hispa
201013.jpg,normal
201014.jpg,dead_heart
201015.jpg,normal
201016.jpg,dead_heart
201017.jpg,bacterial_panicle_blight
201018.jpg,blast
201019.jpg,normal
201020.jpg,hispa
201021.jpg,bacterial_panicle_blight
201022.jpg,dead_heart
201023.jpg,brown_spot
201024.jpg,bacterial_leaf_blight
201025.jpg,bacterial_panicle_blight
201026.jpg,downy_mildew
201027.jpg,downy_mildew
201028.jpg,downy_mildew
201029.jpg,downy_mildew
201030.jpg,downy_mildew
201031.jpg,bacterial_leaf_streak
201032.jpg,hispa
201033.jpg,hispa
201034.jpg,dead_heart
201035.jpg,normal
201036.jpg,downy_mildew
201037.jpg,hispa
201038.jpg,hispa
201039.jpg,brown_spot
201040.jpg,hispa
201041.jpg,bacterial_panicle_blight
201042.jpg,blast
201043.jpg,tungro
201044.jpg,normal
201045.jpg,hispa
201046.jpg,dead_heart
201047.jpg,bacterial_leaf_streak
201048.jpg,downy_mildew
201049.jpg,bacterial_leaf_streak
201050.jpg,normal
201051.jpg,brown_spot
201052.jpg,bacterial_leaf_streak
201053.jpg,bacterial_panicle_blight
201054.jpg,downy_mildew
201055.jpg,hispa
201056.jpg,bacterial_leaf_blight
201057.jpg,downy_mildew
201058.jpg,hispa
201059.jpg,brown_spot
201060.jpg,bacterial_leaf_blight
201061.jpg,brown_spot
201062.jpg,hispa
201063.jpg,hispa
201064.jpg,normal
201065.jpg,hispa
201066.jpg,dead_heart
201067.jpg,normal
201068.jpg,bacterial_leaf_streak
201069.jpg,downy_mildew
201070.jpg,hispa
201071.jpg,dead_heart
201072.jpg,bacterial_leaf_streak
201073.jpg,bacterial_leaf_streak
201074.jpg,hispa
201075.jpg,tungro
201076.jpg,downy_mildew
201077.jpg,bacterial_leaf_streak
201078.jpg,downy_mildew
201079.jpg,bacterial_leaf_streak
201080.jpg,downy_mildew
201081.jpg,blast
201082.jpg,brown_spot
201083.jpg,normal
201084.jpg,hispa
201085.jpg,bacterial_panicle_blight
201086.jpg,dead_heart
201087.jpg,dead_heart
201088.jpg,blast
201089.jpg,bacterial_leaf_streak
201090.jpg,normal
201091.jpg,normal
201092.jpg,bacterial_leaf_streak
201093.jpg,bacterial_panicle_blight
201094.jpg,downy_mildew
201095.jpg,dead_heart
201096.jpg,dead_heart
201097.jpg,bacterial_leaf_streak
201098.jpg,hispa
201099.jpg,downy_mildew
201100.jpg,hispa
201101.jpg,dead_heart
201102.jpg,dead_heart
201103.jpg,brown_spot
201104.jpg,downy_mildew
201105.jpg,bacterial_panicle_blight
201106.jpg,bacterial_leaf_streak
201107.jpg,hispa
201108.jpg,bacterial_panicle_blight
201109.jpg,brown_spot
201110.jpg,hispa
201111.jpg,blast
201112.jpg,tungro
201113.jpg,hispa
201114.jpg,downy_mildew
201115.jpg,hispa
201116.jpg,brown_spot
201117.jpg,hispa
201118.jpg,bacterial_panicle_blight
201119.jpg,downy_mildew
201120.jpg,blast
201121.jpg,brown_spot
201122.jpg,downy_mildew
201123.jpg,tungro
201124.jpg,dead_heart
201125.jpg,bacterial_leaf_streak
201126.jpg,bacterial_leaf_streak
201127.jpg,hispa
201128.jpg,brown_spot
201129.jpg,blast
201130.jpg,blast
201131.jpg,tungro
201132.jpg,bacterial_leaf_streak
201133.jpg,bacterial_panicle_blight
201134.jpg,bacterial_panicle_blight
201135.jpg,hispa
201136.jpg,dead_heart
201137.jpg,downy_mildew
201138.jpg,bacterial_leaf_streak
201139.jpg,bacterial_leaf_streak
201140.jpg,normal
201141.jpg,normal
201142.jpg,normal
201143.jpg,bacterial_leaf_streak
201144.jpg,bacterial_leaf_blight
201145.jpg,bacterial_panicle_blight
201146.jpg,bacterial_leaf_streak
201147.jpg,downy_mildew
201148.jpg,brown_spot
201149.jpg,brown_spot
201150.jpg,hispa
201151.jpg,bacterial_leaf_streak
201152.jpg,bacterial_panicle_blight
201153.jpg,brown_spot
201154.jpg,dead_heart
201155.jpg,dead_heart
201156.jpg,downy_mildew
201157.jpg,downy_mildew
201158.jpg,bacterial_leaf_streak
201159.jpg,hispa
201160.jpg,blast
201161.jpg,bacterial_leaf_streak
201162.jpg,downy_mildew
201163.jpg,hispa
201164.jpg,blast
201165.jpg,blast
201166.jpg,bacterial_leaf_streak
201167.jpg,bacterial_panicle_blight
201168.jpg,tungro
201169.jpg,blast
201170.jpg,hispa
201171.jpg,tungro
201172.jpg,bacterial_panicle_blight
201173.jpg,blast
201174.jpg,normal
201175.jpg,downy_mildew
201176.jpg,hispa
201177.jpg,normal
201178.jpg,downy_mildew
201179.jpg,tungro
201180.jpg,brown_spot
201181.jpg,blast
201182.jpg,normal
201183.jpg,hispa
201184.jpg,bacterial_leaf_streak
201185.jpg,hispa
201186.jpg,downy_mildew
201187.jpg,normal
201188.jpg,dead_heart
201189.jpg,downy_mildew
201190.jpg,downy_mildew
201191.jpg,blast
201192.jpg,downy_mildew
201193.jpg,downy_mildew
201194.jpg,blast
201195.jpg,hispa
201196.jpg,hispa
201197.jpg,tungro
201198.jpg,tungro
201199.jpg,blast
201200.jpg,bacterial_leaf_streak
201201.jpg,bacterial_leaf_streak
201202.jpg,hispa
201203.jpg,downy_mildew
201204.jpg,downy_mildew
201205.jpg,tungro
201206.jpg,normal
201207.jpg,dead_heart
201208.jpg,blast
201209.jpg,blast
201210.jpg,hispa
201211.jpg,bacterial_panicle_blight
201212.jpg,downy_mildew
201213.jpg,bacterial_leaf_streak
201214.jpg,hispa
201215.jpg,downy_mildew
201216.jpg,brown_spot
201217.jpg,bacterial_leaf_streak
201218.jpg,blast
201219.jpg,dead_heart
201220.jpg,downy_mildew
201221.jpg,downy_mildew
201222.jpg,hispa
201223.jpg,dead_heart
201224.jpg,hispa
201225.jpg,downy_mildew
201226.jpg,downy_mildew
201227.jpg,hispa
201228.jpg,blast
201229.jpg,blast
201230.jpg,hispa
201231.jpg,dead_heart
201232.jpg,brown_spot
201233.jpg,dead_heart
201234.jpg,normal
201235.jpg,hispa
201236.jpg,hispa
201237.jpg,bacterial_leaf_streak
201238.jpg,brown_spot
201239.jpg,bacterial_leaf_streak
201240.jpg,bacterial_panicle_blight
201241.jpg,downy_mildew
201242.jpg,hispa
201243.jpg,hispa
201244.jpg,hispa
201245.jpg,bacterial_panicle_blight
201246.jpg,bacterial_leaf_streak
201247.jpg,tungro
201248.jpg,bacterial_leaf_streak
201249.jpg,normal
201250.jpg,hispa
201251.jpg,bacterial_leaf_streak
201252.jpg,downy_mildew
201253.jpg,dead_heart
201254.jpg,downy_mildew
201255.jpg,hispa
201256.jpg,blast
201257.jpg,bacterial_leaf_blight
201258.jpg,hispa
201259.jpg,downy_mildew
201260.jpg,bacterial_leaf_streak
201261.jpg,hispa
201262.jpg,hispa
201263.jpg,bacterial_leaf_streak
201264.jpg,hispa
201265.jpg,downy_mildew
201266.jpg,normal
201267.jpg,hispa
201268.jpg,normal
201269.jpg,bacterial_panicle_blight
201270.jpg,hispa
201271.jpg,bacterial_leaf_streak
201272.jpg,hispa
201273.jpg,downy_mildew
201274.jpg,bacterial_leaf_streak
201275.jpg,downy_mildew
201276.jpg,dead_heart
201277.jpg,dead_heart
201278.jpg,bacterial_leaf_streak
201279.jpg,tungro
201280.jpg,hispa
201281.jpg,blast
201282.jpg,dead_heart
201283.jpg,tungro
201284.jpg,bacterial_leaf_streak
201285.jpg,dead_heart
201286.jpg,downy_mildew
201287.jpg,bacterial_leaf_streak
201288.jpg,brown_spot
201289.jpg,hispa
201290.jpg,dead_heart
201291.jpg,tungro
201292.jpg,downy_mildew
201293.jpg,dead_heart
201294.jpg,normal
201295.jpg,downy_mildew
201296.jpg,dead_heart
201297.jpg,bacterial_leaf_streak
201298.jpg,dead_heart
201299.jpg,tungro
201300.jpg,dead_heart
201301.jpg,downy_mildew
201302.jpg,brown_spot
201303.jpg,bacterial_leaf_streak
201304.jpg,bacterial_panicle_blight
201305.jpg,bacterial_panicle_blight
201306.jpg,normal
201307.jpg,blast
201308.jpg,dead_heart
201309.jpg,hispa
201310.jpg,tungro
201311.jpg,bacterial_leaf_streak
201312.jpg,dead_heart
201313.jpg,downy_mildew
201314.jpg,tungro
201315.jpg,downy_mildew
201316.jpg,bacterial_leaf_streak
201317.jpg,bacterial_leaf_streak
201318.jpg,bacterial_leaf_streak
201319.jpg,dead_heart
201320.jpg,downy_mildew
201321.jpg,downy_mildew
201322.jpg,hispa
201323.jpg,blast
201324.jpg,dead_heart
201325.jpg,downy_mildew
201326.jpg,hispa
201327.jpg,dead_heart
201328.jpg,dead_heart
201329.jpg,dead_heart
201330.jpg,downy_mildew
201331.jpg,bacterial_panicle_blight
201332.jpg,hispa
201333.jpg,downy_mildew
201334.jpg,downy_mildew
201335.jpg,bacterial_panicle_blight
201336.jpg,downy_mildew
201337.jpg,downy_mildew
201338.jpg,brown_spot
201339.jpg,normal
201340.jpg,blast
201341.jpg,bacterial_panicle_blight
201342.jpg,bacterial_leaf_streak
201343.jpg,bacterial_leaf_blight
201344.jpg,dead_heart
201345.jpg,blast
201346.jpg,brown_spot
201347.jpg,normal
201348.jpg,hispa
201349.jpg,downy_mildew
201350.jpg,tungro
201351.jpg,hispa
201352.jpg,hispa
201353.jpg,blast
201354.jpg,normal
201355.jpg,brown_spot
201356.jpg,bacterial_panicle_blight
201357.jpg,dead_heart
201358.jpg,brown_spot
201359.jpg,downy_mildew
201360.jpg,hispa
201361.jpg,bacterial_panicle_blight
201362.jpg,bacterial_leaf_streak
201363.jpg,bacterial_leaf_streak
201364.jpg,dead_heart
201365.jpg,normal
201366.jpg,dead_heart
201367.jpg,bacterial_panicle_blight
201368.jpg,hispa
201369.jpg,blast
201370.jpg,bacterial_leaf_streak
201371.jpg,dead_heart
201372.jpg,downy_mildew
201373.jpg,dead_heart
201374.jpg,blast
201375.jpg,downy_mildew
201376.jpg,bacterial_leaf_streak
201377.jpg,bacterial_panicle_blight
201378.jpg,bacterial_panicle_blight
201379.jpg,normal
201380.jpg,normal
201381.jpg,blast
201382.jpg,downy_mildew
201383.jpg,dead_heart
201384.jpg,downy_mildew
201385.jpg,downy_mildew
201386.jpg,bacterial_panicle_blight
201387.jpg,normal
201388.jpg,bacterial_leaf_blight
201389.jpg,bacterial_panicle_blight
201390.jpg,bacterial_panicle_blight
201391.jpg,normal
201392.jpg,hispa
201393.jpg,hispa
201394.jpg,dead_heart
201395.jpg,normal
201396.jpg,downy_mildew
201397.jpg,bacterial_leaf_streak
201398.jpg,downy_mildew
201399.jpg,bacterial_panicle_blight
201400.jpg,dead_heart
201401.jpg,bacterial_panicle_blight
201402.jpg,brown_spot
201403.jpg,bacterial_panicle_blight
201404.jpg,normal
201405.jpg,hispa
201406.jpg,blast
201407.jpg,downy_mildew
201408.jpg,brown_spot
201409.jpg,bacterial_panicle_blight
201410.jpg,downy_mildew
201411.jpg,dead_heart
201412.jpg,hispa
201413.jpg,dead_heart
201414.jpg,brown_spot
201415.jpg,downy_mildew
201416.jpg,dead_heart
201417.jpg,hispa
201418.jpg,dead_heart
201419.jpg,bacterial_panicle_blight
201420.jpg,dead_heart
201421.jpg,downy_mildew
201422.jpg,downy_mildew
201423.jpg,blast
201424.jpg,hispa
201425.jpg,bacterial_leaf_streak
201426.jpg,bacterial_panicle_blight
201427.jpg,blast
201428.jpg,bacterial_leaf_streak
201429.jpg,hispa
201430.jpg,brown_spot
201431.jpg,normal
201432.jpg,downy_mildew
201433.jpg,dead_heart
201434.jpg,bacterial_leaf_streak
201435.jpg,dead_heart
201436.jpg,downy_mildew
201437.jpg,dead_heart
201438.jpg,hispa
201439.jpg,bacterial_leaf_streak
201440.jpg,bacterial_leaf_blight
201441.jpg,dead_heart
201442.jpg,hispa
201443.jpg,bacterial_leaf_blight
201444.jpg,downy_mildew
201445.jpg,bacterial_leaf_streak
201446.jpg,downy_mildew
201447.jpg,tungro
201448.jpg,bacterial_panicle_blight
201449.jpg,bacterial_leaf_blight
201450.jpg,normal
201451.jpg,bacterial_leaf_streak
201452.jpg,bacterial_leaf_streak
201453.jpg,normal
201454.jpg,bacterial_panicle_blight
201455.jpg,dead_heart
201456.jpg,bacterial_panicle_blight
201457.jpg,blast
201458.jpg,normal
201459.jpg,hispa
201460.jpg,bacterial_leaf_streak
201461.jpg,dead_heart
201462.jpg,bacterial_leaf_streak
201463.jpg,tungro
201464.jpg,normal
201465.jpg,bacterial_leaf_streak
201466.jpg,bacterial_panicle_blight
201467.jpg,downy_mildew
201468.jpg,brown_spot
201469.jpg,bacterial_panicle_blight
201470.jpg,bacterial_leaf_streak
201471.jpg,tungro
201472.jpg,hispa
201473.jpg,hispa
201474.jpg,dead_heart
201475.jpg,blast
201476.jpg,dead_heart
201477.jpg,brown_spot
201478.jpg,normal
201479.jpg,dead_heart
201480.jpg,downy_mildew
201481.jpg,bacterial_leaf_streak
201482.jpg,downy_mildew
201483.jpg,hispa
201484.jpg,dead_heart
201485.jpg,dead_heart
201486.jpg,downy_mildew
201487.jpg,brown_spot
201488.jpg,blast
201489.jpg,bacterial_leaf_streak
201490.jpg,normal
201491.jpg,hispa
201492.jpg,bacterial_panicle_blight
201493.jpg,downy_mildew
201494.jpg,tungro
201495.jpg,downy_mildew
201496.jpg,bacterial_panicle_blight
201497.jpg,downy_mildew
201498.jpg,downy_mildew
201499.jpg,blast
201500.jpg,downy_mildew
201501.jpg,bacterial_panicle_blight
201502.jpg,tungro
201503.jpg,bacterial_panicle_blight
201504.jpg,downy_mildew
201505.jpg,dead_heart
201506.jpg,bacterial_panicle_blight
201507.jpg,bacterial_leaf_blight
201508.jpg,hispa
201509.jpg,hispa
201510.jpg,bacterial_leaf_streak
201511.jpg,downy_mildew
201512.jpg,hispa
201513.jpg,downy_mildew
201514.jpg,bacterial_panicle_blight
201515.jpg,bacterial_leaf_streak
201516.jpg,bacterial_panicle_blight
201517.jpg,dead_heart
201518.jpg,hispa
201519.jpg,hispa
201520.jpg,bacterial_panicle_blight
201521.jpg,hispa
201522.jpg,tungro
201523.jpg,normal
201524.jpg,brown_spot
201525.jpg,downy_mildew
201526.jpg,dead_heart
201527.jpg,downy_mildew
201528.jpg,hispa
201529.jpg,bacterial_leaf_streak
201530.jpg,hispa
201531.jpg,hispa
201532.jpg,hispa
201533.jpg,bacterial_panicle_blight
201534.jpg,bacterial_panicle_blight
201535.jpg,blast
201536.jpg,blast
201537.jpg,brown_spot
201538.jpg,brown_spot
201539.jpg,bacterial_leaf_streak
201540.jpg,normal
201541.jpg,dead_heart
201542.jpg,downy_mildew
201543.jpg,normal
201544.jpg,hispa
201545.jpg,hispa
201546.jpg,bacterial_panicle_blight
201547.jpg,downy_mildew
201548.jpg,blast
201549.jpg,brown_spot
201550.jpg,bacterial_leaf_streak
201551.jpg,hispa
201552.jpg,bacterial_panicle_blight
201553.jpg,dead_heart
201554.jpg,bacterial_leaf_streak
201555.jpg,blast
201556.jpg,blast
201557.jpg,dead_heart
201558.jpg,hispa
201559.jpg,blast
201560.jpg,bacterial_leaf_streak
201561.jpg,normal
201562.jpg,brown_spot
201563.jpg,dead_heart
201564.jpg,bacterial_leaf_streak
201565.jpg,bacterial_leaf_streak
201566.jpg,bacterial_panicle_blight
201567.jpg,dead_heart
201568.jpg,hispa
201569.jpg,blast
201570.jpg,blast
201571.jpg,bacterial_panicle_blight
201572.jpg,bacterial_leaf_streak
201573.jpg,normal
201574.jpg,normal
201575.jpg,bacterial_leaf_streak
201576.jpg,downy_mildew
201577.jpg,blast
201578.jpg,bacterial_leaf_blight
201579.jpg,brown_spot
201580.jpg,bacterial_leaf_blight
201581.jpg,brown_spot
201582.jpg,normal
201583.jpg,bacterial_leaf_streak
201584.jpg,blast
201585.jpg,dead_heart
201586.jpg,dead_heart
201587.jpg,bacterial_panicle_blight
201588.jpg,hispa
201589.jpg,brown_spot
201590.jpg,hispa
201591.jpg,brown_spot
201592.jpg,brown_spot
201593.jpg,dead_heart
201594.jpg,bacterial_leaf_streak
201595.jpg,bacterial_leaf_streak
201596.jpg,normal
201597.jpg,normal
201598.jpg,brown_spot
201599.jpg,dead_heart
201600.jpg,dead_heart
201601.jpg,hispa
201602.jpg,downy_mildew
201603.jpg,blast
201604.jpg,bacterial_panicle_blight
201605.jpg,tungro
201606.jpg,tungro
201607.jpg,dead_heart
201608.jpg,normal
201609.jpg,bacterial_leaf_blight
201610.jpg,bacterial_leaf_streak
201611.jpg,hispa
201612.jpg,dead_heart
201613.jpg,bacterial_leaf_streak
201614.jpg,hispa
201615.jpg,normal
201616.jpg,downy_mildew
201617.jpg,downy_mildew
201618.jpg,downy_mildew
201619.jpg,hispa
201620.jpg,downy_mildew
201621.jpg,dead_heart
201622.jpg,hispa
201623.jpg,dead_heart
201624.jpg,normal
201625.jpg,dead_heart
201626.jpg,blast
201627.jpg,dead_heart
201628.jpg,brown_spot
201629.jpg,dead_heart
201630.jpg,hispa
201631.jpg,blast
201632.jpg,hispa
201633.jpg,bacterial_panicle_blight
201634.jpg,dead_heart
201635.jpg,brown_spot
201636.jpg,bacterial_panicle_blight
201637.jpg,tungro
201638.jpg,bacterial_panicle_blight
201639.jpg,downy_mildew
201640.jpg,bacterial_leaf_streak
201641.jpg,bacterial_panicle_blight
201642.jpg,bacterial_leaf_streak
201643.jpg,hispa
201644.jpg,downy_mildew
201645.jpg,dead_heart
201646.jpg,downy_mildew
201647.jpg,tungro
201648.jpg,brown_spot
201649.jpg,normal
201650.jpg,brown_spot
201651.jpg,bacterial_panicle_blight
201652.jpg,hispa
201653.jpg,bacterial_leaf_streak
201654.jpg,downy_mildew
201655.jpg,downy_mildew
201656.jpg,dead_heart
201657.jpg,normal
201658.jpg,normal
201659.jpg,hispa
201660.jpg,downy_mildew
201661.jpg,blast
201662.jpg,normal
201663.jpg,blast
201664.jpg,bacterial_leaf_streak
201665.jpg,normal
201666.jpg,bacterial_panicle_blight
201667.jpg,blast
201668.jpg,normal
201669.jpg,downy_mildew
201670.jpg,blast
201671.jpg,normal
201672.jpg,hispa
201673.jpg,bacterial_panicle_blight
201674.jpg,downy_mildew
201675.jpg,hispa
201676.jpg,bacterial_leaf_streak
201677.jpg,hispa
201678.jpg,hispa
201679.jpg,bacterial_leaf_streak
201680.jpg,bacterial_leaf_streak
201681.jpg,normal
201682.jpg,dead_heart
201683.jpg,hispa
201684.jpg,downy_mildew
201685.jpg,normal
201686.jpg,bacterial_leaf_streak
201687.jpg,brown_spot
201688.jpg,hispa
201689.jpg,downy_mildew
201690.jpg,brown_spot
201691.jpg,tungro
201692.jpg,dead_heart
201693.jpg,bacterial_panicle_blight
201694.jpg,downy_mildew
201695.jpg,bacterial_panicle_blight
201696.jpg,normal
201697.jpg,bacterial_panicle_blight
201698.jpg,dead_heart
201699.jpg,tungro
201700.jpg,brown_spot
201701.jpg,downy_mildew
201702.jpg,bacterial_leaf_streak
201703.jpg,hispa
201704.jpg,hispa
201705.jpg,bacterial_leaf_streak
201706.jpg,brown_spot
201707.jpg,dead_heart
201708.jpg,bacterial_panicle_blight
201709.jpg,downy_mildew
201710.jpg,dead_heart
201711.jpg,hispa
201712.jpg,dead_heart
201713.jpg,bacterial_leaf_streak
201714.jpg,brown_spot
201715.jpg,dead_heart
201716.jpg,hispa
201717.jpg,tungro
201718.jpg,bacterial_leaf_blight
201719.jpg,normal
201720.jpg,tungro
201721.jpg,dead_heart
201722.jpg,bacterial_leaf_streak
201723.jpg,downy_mildew
201724.jpg,downy_mildew
201725.jpg,bacterial_leaf_streak
201726.jpg,brown_spot
201727.jpg,downy_mildew
201728.jpg,blast
201729.jpg,downy_mildew
201730.jpg,tungro
201731.jpg,bacterial_panicle_blight
201732.jpg,hispa
201733.jpg,downy_mildew
201734.jpg,blast
201735.jpg,hispa
201736.jpg,brown_spot
201737.jpg,downy_mildew
201738.jpg,hispa
201739.jpg,dead_heart
201740.jpg,normal
201741.jpg,dead_heart
201742.jpg,brown_spot
201743.jpg,downy_mildew
201744.jpg,brown_spot
201745.jpg,normal
201746.jpg,blast
201747.jpg,dead_heart
201748.jpg,normal
201749.jpg,downy_mildew
201750.jpg,downy_mildew
201751.jpg,normal
201752.jpg,normal
201753.jpg,normal
201754.jpg,dead_heart
201755.jpg,downy_mildew
201756.jpg,brown_spot
201757.jpg,dead_heart
201758.jpg,tungro
201759.jpg,bacterial_leaf_blight
201760.jpg,bacterial_leaf_streak
201761.jpg,bacterial_leaf_streak
201762.jpg,hispa
201763.jpg,normal
201764.jpg,downy_mildew
201765.jpg,blast
201766.jpg,bacterial_leaf_streak
201767.jpg,bacterial_panicle_blight
201768.jpg,dead_heart
201769.jpg,bacterial_panicle_blight
201770.jpg,dead_heart
201771.jpg,bacterial_leaf_blight
201772.jpg,downy_mildew
201773.jpg,normal
201774.jpg,brown_spot
201775.jpg,bacterial_leaf_streak
201776.jpg,dead_heart
201777.jpg,bacterial_leaf_streak
201778.jpg,normal
201779.jpg,bacterial_panicle_blight
201780.jpg,normal
201781.jpg,dead_heart
201782.jpg,bacterial_panicle_blight
201783.jpg,normal
201784.jpg,dead_heart
201785.jpg,bacterial_leaf_blight
201786.jpg,blast
201787.jpg,bacterial_leaf_streak
201788.jpg,tungro
201789.jpg,blast
201790.jpg,tungro
201791.jpg,dead_heart
201792.jpg,downy_mildew
201793.jpg,dead_heart
201794.jpg,normal
201795.jpg,normal
201796.jpg,bacterial_leaf_blight
201797.jpg,dead_heart
201798.jpg,normal
201799.jpg,normal
201800.jpg,bacterial_panicle_blight
201801.jpg,brown_spot
201802.jpg,downy_mildew
201803.jpg,downy_mildew
201804.jpg,bacterial_leaf_blight
201805.jpg,downy_mildew
201806.jpg,downy_mildew
201807.jpg,blast
201808.jpg,bacterial_panicle_blight
201809.jpg,blast
201810.jpg,bacterial_leaf_streak
201811.jpg,dead_heart
201812.jpg,dead_heart
201813.jpg,hispa
201814.jpg,brown_spot
201815.jpg,downy_mildew
201816.jpg,bacterial_panicle_blight
201817.jpg,brown_spot
201818.jpg,downy_mildew
201819.jpg,hispa
201820.jpg,blast
201821.jpg,bacterial_leaf_streak
201822.jpg,brown_spot
201823.jpg,normal
201824.jpg,dead_heart
201825.jpg,hispa
201826.jpg,hispa
201827.jpg,normal
201828.jpg,downy_mildew
201829.jpg,blast
201830.jpg,dead_heart
201831.jpg,dead_heart
201832.jpg,dead_heart
201833.jpg,blast
201834.jpg,bacterial_leaf_streak
201835.jpg,bacterial_leaf_blight
201836.jpg,bacterial_panicle_blight
201837.jpg,bacterial_panicle_blight
201838.jpg,normal
201839.jpg,blast
201840.jpg,bacterial_leaf_blight
201841.jpg,hispa
201842.jpg,normal
201843.jpg,downy_mildew
201844.jpg,blast
201845.jpg,hispa
201846.jpg,normal
201847.jpg,dead_heart
201848.jpg,blast
201849.jpg,bacterial_leaf_streak
201850.jpg,brown_spot
201851.jpg,normal
201852.jpg,hispa
201853.jpg,hispa
201854.jpg,normal
201855.jpg,blast
201856.jpg,dead_heart
201857.jpg,blast
201858.jpg,normal
201859.jpg,downy_mildew
201860.jpg,downy_mildew
201861.jpg,hispa
201862.jpg,dead_heart
201863.jpg,downy_mildew
201864.jpg,bacterial_leaf_streak
201865.jpg,dead_heart
201866.jpg,downy_mildew
201867.jpg,downy_mildew
201868.jpg,normal
201869.jpg,bacterial_leaf_blight
201870.jpg,brown_spot
201871.jpg,brown_spot
201872.jpg,dead_heart
201873.jpg,tungro
201874.jpg,dead_heart
201875.jpg,bacterial_leaf_streak
201876.jpg,blast
201877.jpg,hispa
201878.jpg,normal
201879.jpg,hispa
201880.jpg,blast
201881.jpg,bacterial_leaf_streak
201882.jpg,blast
201883.jpg,blast
201884.jpg,dead_heart
201885.jpg,dead_heart
201886.jpg,blast
201887.jpg,normal
201888.jpg,bacterial_leaf_streak
201889.jpg,downy_mildew
201890.jpg,bacterial_leaf_streak
201891.jpg,hispa
201892.jpg,downy_mildew
201893.jpg,blast
201894.jpg,bacterial_panicle_blight
201895.jpg,normal
201896.jpg,bacterial_leaf_streak
201897.jpg,normal
201898.jpg,normal
201899.jpg,downy_mildew
201900.jpg,dead_heart
201901.jpg,hispa
201902.jpg,hispa
201903.jpg,bacterial_leaf_streak
201904.jpg,dead_heart
201905.jpg,bacterial_panicle_blight
201906.jpg,dead_heart
201907.jpg,brown_spot
201908.jpg,hispa
201909.jpg,dead_heart
201910.jpg,bacterial_leaf_streak
201911.jpg,brown_spot
201912.jpg,dead_heart
201913.jpg,hispa
201914.jpg,normal
201915.jpg,bacterial_leaf_streak
201916.jpg,hispa
201917.jpg,downy_mildew
201918.jpg,normal
201919.jpg,hispa
201920.jpg,downy_mildew
201921.jpg,blast
201922.jpg,bacterial_leaf_streak
201923.jpg,normal
201924.jpg,dead_heart
201925.jpg,hispa
201926.jpg,downy_mildew
201927.jpg,downy_mildew
201928.jpg,downy_mildew
201929.jpg,normal
201930.jpg,dead_heart
201931.jpg,normal
201932.jpg,bacterial_leaf_streak
201933.jpg,downy_mildew
201934.jpg,blast
201935.jpg,downy_mildew
201936.jpg,downy_mildew
201937.jpg,normal
201938.jpg,dead_heart
201939.jpg,bacterial_leaf_streak
201940.jpg,tungro
201941.jpg,normal
201942.jpg,bacterial_panicle_blight
201943.jpg,brown_spot
201944.jpg,downy_mildew
201945.jpg,blast
201946.jpg,bacterial_leaf_blight
201947.jpg,dead_heart
201948.jpg,bacterial_leaf_streak
201949.jpg,tungro
201950.jpg,bacterial_panicle_blight
201951.jpg,normal
201952.jpg,normal
201953.jpg,dead_heart
201954.jpg,hispa
201955.jpg,dead_heart
201956.jpg,dead_heart
201957.jpg,dead_heart
201958.jpg,hispa
201959.jpg,downy_mildew
201960.jpg,hispa
201961.jpg,hispa
201962.jpg,tungro
201963.jpg,bacterial_leaf_streak
201964.jpg,normal
201965.jpg,hispa
201966.jpg,hispa
201967.jpg,bacterial_leaf_streak
201968.jpg,dead_heart
201969.jpg,normal
201970.jpg,bacterial_leaf_streak
201971.jpg,downy_mildew
201972.jpg,downy_mildew
201973.jpg,hispa
201974.jpg,bacterial_leaf_streak
201975.jpg,bacterial_leaf_streak
201976.jpg,downy_mildew
201977.jpg,bacterial_leaf_streak
201978.jpg,dead_heart
201979.jpg,bacterial_leaf_streak
201980.jpg,normal
201981.jpg,bacterial_leaf_streak
201982.jpg,normal
201983.jpg,normal
201984.jpg,bacterial_leaf_streak
201985.jpg,blast
201986.jpg,bacterial_leaf_streak
201987.jpg,dead_heart
201988.jpg,downy_mildew
201989.jpg,hispa
201990.jpg,bacterial_leaf_streak
201991.jpg,bacterial_panicle_blight
201992.jpg,normal
201993.jpg,hispa
201994.jpg,dead_heart
201995.jpg,brown_spot
201996.jpg,downy_mildew
201997.jpg,hispa
201998.jpg,bacterial_leaf_streak
201999.jpg,brown_spot
202000.jpg,bacterial_leaf_streak
202001.jpg,hispa
202002.jpg,bacterial_panicle_blight
202003.jpg,hispa
202004.jpg,bacterial_panicle_blight
202005.jpg,brown_spot
202006.jpg,downy_mildew
202007.jpg,bacterial_panicle_blight
202008.jpg,hispa
202009.jpg,bacterial_panicle_blight
202010.jpg,blast
202011.jpg,downy_mildew
202012.jpg,downy_mildew
202013.jpg,hispa
202014.jpg,dead_heart
202015.jpg,normal
202016.jpg,bacterial_leaf_streak
202017.jpg,blast
202018.jpg,blast
202019.jpg,normal
202020.jpg,blast
202021.jpg,downy_mildew
202022.jpg,hispa
202023.jpg,normal
202024.jpg,hispa
202025.jpg,dead_heart
202026.jpg,bacterial_leaf_streak
202027.jpg,brown_spot
202028.jpg,dead_heart
202029.jpg,dead_heart
202030.jpg,hispa
202031.jpg,brown_spot
202032.jpg,hispa
202033.jpg,downy_mildew
202034.jpg,brown_spot
202035.jpg,downy_mildew
202036.jpg,downy_mildew
202037.jpg,hispa
202038.jpg,dead_heart
202039.jpg,bacterial_leaf_blight
202040.jpg,normal
202041.jpg,blast
202042.jpg,hispa
202043.jpg,bacterial_leaf_streak
202044.jpg,dead_heart
202045.jpg,tungro
202046.jpg,normal
202047.jpg,tungro
202048.jpg,dead_heart
202049.jpg,hispa
202050.jpg,hispa
202051.jpg,bacterial_leaf_blight
202052.jpg,downy_mildew
202053.jpg,hispa
202054.jpg,hispa
202055.jpg,normal
202056.jpg,dead_heart
202057.jpg,hispa
202058.jpg,brown_spot
202059.jpg,bacterial_leaf_streak
202060.jpg,dead_heart
202061.jpg,downy_mildew
202062.jpg,downy_mildew
202063.jpg,blast
202064.jpg,blast
202065.jpg,brown_spot
202066.jpg,bacterial_leaf_streak
202067.jpg,bacterial_panicle_blight
202068.jpg,downy_mildew
202069.jpg,brown_spot
202070.jpg,normal
202071.jpg,bacterial_leaf_streak
202072.jpg,hispa
202073.jpg,normal
202074.jpg,brown_spot
202075.jpg,dead_heart
202076.jpg,normal
202077.jpg,hispa
202078.jpg,downy_mildew
202079.jpg,hispa
202080.jpg,bacterial_panicle_blight
202081.jpg,tungro
202082.jpg,dead_heart
202083.jpg,blast
202084.jpg,dead_heart
202085.jpg,hispa
202086.jpg,normal
202087.jpg,hispa
202088.jpg,normal
202089.jpg,normal
202090.jpg,brown_spot
202091.jpg,blast
202092.jpg,bacterial_panicle_blight
202093.jpg,brown_spot
202094.jpg,tungro
202095.jpg,normal
202096.jpg,bacterial_panicle_blight
202097.jpg,bacterial_panicle_blight
202098.jpg,normal
202099.jpg,hispa
202100.jpg,brown_spot
202101.jpg,normal
202102.jpg,downy_mildew
202103.jpg,normal
202104.jpg,normal
202105.jpg,brown_spot
202106.jpg,downy_mildew
202107.jpg,bacterial_leaf_streak
202108.jpg,normal
202109.jpg,brown_spot
202110.jpg,bacterial_leaf_streak
202111.jpg,hispa
202112.jpg,dead_heart
202113.jpg,bacterial_leaf_streak
202114.jpg,downy_mildew
202115.jpg,normal
202116.jpg,bacterial_panicle_blight
202117.jpg,hispa
202118.jpg,dead_heart
202119.jpg,hispa
202120.jpg,dead_heart
202121.jpg,hispa
202122.jpg,downy_mildew
202123.jpg,normal
202124.jpg,normal
202125.jpg,tungro
202126.jpg,dead_heart
202127.jpg,normal
202128.jpg,brown_spot
202129.jpg,normal
202130.jpg,bacterial_leaf_streak
202131.jpg,bacterial_leaf_streak
202132.jpg,blast
202133.jpg,downy_mildew
202134.jpg,bacterial_panicle_blight
202135.jpg,bacterial_leaf_streak
202136.jpg,dead_heart
202137.jpg,tungro
202138.jpg,hispa
202139.jpg,blast
202140.jpg,dead_heart
202141.jpg,hispa
202142.jpg,downy_mildew
202143.jpg,bacterial_panicle_blight
202144.jpg,hispa
202145.jpg,bacterial_leaf_streak
202146.jpg,bacterial_leaf_streak
202147.jpg,hispa
202148.jpg,downy_mildew
202149.jpg,hispa
202150.jpg,bacterial_panicle_blight
202151.jpg,brown_spot
202152.jpg,normal
202153.jpg,bacterial_panicle_blight
202154.jpg,dead_heart
202155.jpg,dead_heart
202156.jpg,dead_heart
202157.jpg,bacterial_leaf_streak
202158.jpg,hispa
202159.jpg,bacterial_leaf_streak
202160.jpg,downy_mildew
202161.jpg,dead_heart
202162.jpg,dead_heart
202163.jpg,tungro
202164.jpg,downy_mildew
202165.jpg,downy_mildew
202166.jpg,blast
202167.jpg,bacterial_leaf_streak
202168.jpg,dead_heart
202169.jpg,bacterial_panicle_blight
202170.jpg,normal
202171.jpg,blast
202172.jpg,normal
202173.jpg,hispa
202174.jpg,brown_spot
202175.jpg,blast
202176.jpg,bacterial_leaf_streak
202177.jpg,bacterial_leaf_streak
202178.jpg,bacterial_leaf_blight
202179.jpg,hispa
202180.jpg,normal
202181.jpg,normal
202182.jpg,blast
202183.jpg,downy_mildew
202184.jpg,downy_mildew
202185.jpg,bacterial_panicle_blight
202186.jpg,hispa
202187.jpg,bacterial_panicle_blight
202188.jpg,tungro
202189.jpg,blast
202190.jpg,hispa
202191.jpg,downy_mildew
202192.jpg,normal
202193.jpg,hispa
202194.jpg,normal
202195.jpg,dead_heart
202196.jpg,bacterial_panicle_blight
202197.jpg,blast
202198.jpg,bacterial_leaf_blight
202199.jpg,downy_mildew
202200.jpg,blast
202201.jpg,dead_heart
202202.jpg,blast
202203.jpg,bacterial_panicle_blight
202204.jpg,hispa
202205.jpg,blast
202206.jpg,dead_heart
202207.jpg,dead_heart
202208.jpg,bacterial_leaf_blight
202209.jpg,dead_heart
202210.jpg,normal
202211.jpg,normal
202212.jpg,bacterial_panicle_blight
202213.jpg,hispa
202214.jpg,bacterial_leaf_blight
202215.jpg,downy_mildew
202216.jpg,downy_mildew
202217.jpg,bacterial_leaf_blight
202218.jpg,normal
202219.jpg,bacterial_panicle_blight
202220.jpg,blast
202221.jpg,bacterial_leaf_streak
202222.jpg,blast
202223.jpg,bacterial_panicle_blight
202224.jpg,normal
202225.jpg,bacterial_leaf_streak
202226.jpg,dead_heart
202227.jpg,blast
202228.jpg,bacterial_panicle_blight
202229.jpg,brown_spot
202230.jpg,bacterial_panicle_blight
202231.jpg,hispa
202232.jpg,brown_spot
202233.jpg,brown_spot
202234.jpg,bacterial_leaf_streak
202235.jpg,bacterial_leaf_streak
202236.jpg,bacterial_leaf_streak
202237.jpg,dead_heart
202238.jpg,downy_mildew
202239.jpg,blast
202240.jpg,normal
202241.jpg,dead_heart
202242.jpg,bacterial_leaf_streak
202243.jpg,normal
202244.jpg,brown_spot
202245.jpg,bacterial_leaf_streak
202246.jpg,downy_mildew
202247.jpg,normal
202248.jpg,downy_mildew
202249.jpg,hispa
202250.jpg,bacterial_leaf_blight
202251.jpg,bacterial_leaf_streak
202252.jpg,hispa
202253.jpg,bacterial_leaf_streak
202254.jpg,normal
202255.jpg,dead_heart
202256.jpg,downy_mildew
202257.jpg,hispa
202258.jpg,downy_mildew
202259.jpg,dead_heart
202260.jpg,bacterial_leaf_streak
202261.jpg,brown_spot
202262.jpg,bacterial_panicle_blight
202263.jpg,dead_heart
202264.jpg,downy_mildew
202265.jpg,downy_mildew
202266.jpg,blast
202267.jpg,bacterial_leaf_streak
202268.jpg,bacterial_leaf_streak
202269.jpg,normal
202270.jpg,hispa
202271.jpg,downy_mildew
202272.jpg,bacterial_leaf_streak
202273.jpg,downy_mildew
202274.jpg,downy_mildew
202275.jpg,downy_mildew
202276.jpg,normal
202277.jpg,downy_mildew
202278.jpg,hispa
202279.jpg,bacterial_leaf_streak
202280.jpg,downy_mildew
202281.jpg,normal
202282.jpg,downy_mildew
202283.jpg,brown_spot
202284.jpg,normal
202285.jpg,tungro
202286.jpg,dead_heart
202287.jpg,blast
202288.jpg,downy_mildew
202289.jpg,brown_spot
202290.jpg,normal
202291.jpg,normal
202292.jpg,bacterial_panicle_blight
202293.jpg,hispa
202294.jpg,downy_mildew
202295.jpg,downy_mildew
202296.jpg,hispa
202297.jpg,brown_spot
202298.jpg,dead_heart
202299.jpg,dead_heart
202300.jpg,dead_heart
202301.jpg,downy_mildew
202302.jpg,downy_mildew
202303.jpg,brown_spot
202304.jpg,hispa
202305.jpg,bacterial_leaf_streak
202306.jpg,bacterial_panicle_blight
202307.jpg,downy_mildew
202308.jpg,hispa
202309.jpg,bacterial_leaf_streak
202310.jpg,bacterial_leaf_streak
202311.jpg,bacterial_panicle_blight
202312.jpg,normal
202313.jpg,bacterial_leaf_streak
202314.jpg,hispa
202315.jpg,dead_heart
202316.jpg,normal
202317.jpg,dead_heart
202318.jpg,dead_heart
202319.jpg,dead_heart
202320.jpg,normal
202321.jpg,bacterial_leaf_streak
202322.jpg,brown_spot
202323.jpg,blast
202324.jpg,normal
202325.jpg,hispa
202326.jpg,dead_heart
202327.jpg,bacterial_leaf_blight
202328.jpg,bacterial_leaf_streak
202329.jpg,normal
202330.jpg,dead_heart
202331.jpg,tungro
202332.jpg,downy_mildew
202333.jpg,dead_heart
202334.jpg,tungro
202335.jpg,normal
202336.jpg,brown_spot
202337.jpg,normal
202338.jpg,bacterial_panicle_blight
202339.jpg,dead_heart
202340.jpg,blast
202341.jpg,bacterial_leaf_streak
202342.jpg,dead_heart
202343.jpg,bacterial_leaf_streak
202344.jpg,dead_heart
202345.jpg,bacterial_leaf_streak
202346.jpg,normal
202347.jpg,bacterial_leaf_streak
202348.jpg,downy_mildew
202349.jpg,normal
202350.jpg,dead_heart
202351.jpg,hispa
202352.jpg,hispa
202353.jpg,dead_heart
202354.jpg,bacterial_leaf_streak
202355.jpg,dead_heart
202356.jpg,bacterial_panicle_blight
202357.jpg,blast
202358.jpg,dead_heart
202359.jpg,hispa
202360.jpg,bacterial_panicle_blight
202361.jpg,bacterial_leaf_streak
202362.jpg,bacterial_leaf_streak
202363.jpg,hispa
202364.jpg,downy_mildew
202365.jpg,downy_mildew
202366.jpg,dead_heart
202367.jpg,dead_heart
202368.jpg,blast
202369.jpg,tungro
202370.jpg,hispa
202371.jpg,bacterial_leaf_blight
202372.jpg,normal
202373.jpg,blast
202374.jpg,dead_heart
202375.jpg,normal
202376.jpg,bacterial_panicle_blight
202377.jpg,hispa
202378.jpg,hispa
202379.jpg,brown_spot
202380.jpg,bacterial_panicle_blight
202381.jpg,downy_mildew
202382.jpg,dead_heart
202383.jpg,hispa
202384.jpg,hispa
202385.jpg,hispa
202386.jpg,dead_heart
202387.jpg,hispa
202388.jpg,normal
202389.jpg,downy_mildew
202390.jpg,blast
202391.jpg,dead_heart
202392.jpg,hispa
202393.jpg,bacterial_panicle_blight
202394.jpg,downy_mildew
202395.jpg,bacterial_leaf_streak
202396.jpg,brown_spot
202397.jpg,bacterial_leaf_streak
202398.jpg,hispa
202399.jpg,bacterial_panicle_blight
202400.jpg,hispa
202401.jpg,bacterial_leaf_streak
202402.jpg,dead_heart
202403.jpg,blast
202404.jpg,downy_mildew
202405.jpg,dead_heart
202406.jpg,blast
202407.jpg,blast
202408.jpg,dead_heart
202409.jpg,dead_heart
202410.jpg,tungro
202411.jpg,bacterial_leaf_streak
202412.jpg,blast
202413.jpg,dead_heart
202414.jpg,hispa
202415.jpg,dead_heart
202416.jpg,normal
202417.jpg,downy_mildew
202418.jpg,dead_heart
202419.jpg,downy_mildew
202420.jpg,brown_spot
202421.jpg,bacterial_leaf_streak
202422.jpg,bacterial_leaf_streak
202423.jpg,bacterial_panicle_blight
202424.jpg,hispa
202425.jpg,downy_mildew
202426.jpg,downy_mildew
202427.jpg,bacterial_leaf_streak
202428.jpg,blast
202429.jpg,tungro
202430.jpg,brown_spot
202431.jpg,hispa
202432.jpg,downy_mildew
202433.jpg,downy_mildew
202434.jpg,downy_mildew
202435.jpg,bacterial_leaf_blight
202436.jpg,normal
202437.jpg,normal
202438.jpg,hispa
202439.jpg,downy_mildew
202440.jpg,bacterial_panicle_blight
202441.jpg,hispa
202442.jpg,bacterial_panicle_blight
202443.jpg,blast
202444.jpg,downy_mildew
202445.jpg,hispa
202446.jpg,bacterial_panicle_blight
202447.jpg,blast
202448.jpg,bacterial_leaf_streak
202449.jpg,bacterial_leaf_streak
202450.jpg,bacterial_leaf_blight
202451.jpg,dead_heart
202452.jpg,brown_spot
202453.jpg,normal
202454.jpg,bacterial_leaf_streak
202455.jpg,tungro
202456.jpg,hispa
202457.jpg,bacterial_panicle_blight
202458.jpg,normal
202459.jpg,bacterial_leaf_streak
202460.jpg,blast
202461.jpg,normal
202462.jpg,bacterial_panicle_blight
202463.jpg,bacterial_leaf_streak
202464.jpg,dead_heart
202465.jpg,bacterial_panicle_blight
202466.jpg,blast
202467.jpg,downy_mildew
202468.jpg,downy_mildew
202469.jpg,hispa
202470.jpg,hispa
202471.jpg,bacterial_leaf_streak
202472.jpg,normal
202473.jpg,hispa
202474.jpg,bacterial_leaf_streak
202475.jpg,bacterial_leaf_streak
202476.jpg,dead_heart
202477.jpg,downy_mildew
202478.jpg,normal
202479.jpg,downy_mildew
202480.jpg,hispa
202481.jpg,downy_mildew
202482.jpg,downy_mildew
202483.jpg,downy_mildew
202484.jpg,downy_mildew
202485.jpg,normal
202486.jpg,hispa
202487.jpg,brown_spot
202488.jpg,hispa
202489.jpg,dead_heart
202490.jpg,bacterial_leaf_streak
202491.jpg,tungro
202492.jpg,normal
202493.jpg,dead_heart
202494.jpg,normal
202495.jpg,bacterial_leaf_streak
202496.jpg,bacterial_panicle_blight
202497.jpg,downy_mildew
202498.jpg,bacterial_leaf_blight
202499.jpg,downy_mildew
202500.jpg,hispa
202501.jpg,tungro
202502.jpg,brown_spot
202503.jpg,blast
202504.jpg,bacterial_leaf_streak
202505.jpg,hispa
202506.jpg,hispa
202507.jpg,brown_spot
202508.jpg,downy_mildew
202509.jpg,brown_spot
202510.jpg,downy_mildew
202511.jpg,hispa
202512.jpg,blast
202513.jpg,brown_spot
202514.jpg,normal
202515.jpg,dead_heart
202516.jpg,bacterial_leaf_streak
202517.jpg,dead_heart
202518.jpg,downy_mildew
202519.jpg,bacterial_panicle_blight
202520.jpg,normal
202521.jpg,dead_heart
202522.jpg,bacterial_leaf_streak
202523.jpg,bacterial_leaf_streak
202524.jpg,bacterial_leaf_streak
202525.jpg,bacterial_leaf_streak
202526.jpg,downy_mildew
202527.jpg,dead_heart
202528.jpg,downy_mildew
202529.jpg,bacterial_panicle_blight
202530.jpg,bacterial_leaf_blight
202531.jpg,downy_mildew
202532.jpg,tungro
202533.jpg,normal
202534.jpg,bacterial_panicle_blight
202535.jpg,bacterial_leaf_blight
202536.jpg,bacterial_leaf_streak
202537.jpg,brown_spot
202538.jpg,bacterial_panicle_blight
202539.jpg,tungro
202540.jpg,brown_spot
202541.jpg,bacterial_panicle_blight
202542.jpg,normal
202543.jpg,blast
202544.jpg,normal
202545.jpg,blast
202546.jpg,hispa
202547.jpg,normal
202548.jpg,dead_heart
202549.jpg,dead_heart
202550.jpg,bacterial_leaf_streak
202551.jpg,downy_mildew
202552.jpg,bacterial_leaf_streak
202553.jpg,normal
202554.jpg,normal
202555.jpg,blast
202556.jpg,bacterial_leaf_streak
202557.jpg,downy_mildew
202558.jpg,blast
202559.jpg,downy_mildew
202560.jpg,blast
202561.jpg,bacterial_leaf_blight
202562.jpg,hispa
202563.jpg,downy_mildew
202564.jpg,normal
202565.jpg,tungro
202566.jpg,bacterial_leaf_streak
202567.jpg,normal
202568.jpg,dead_heart
202569.jpg,downy_mildew
202570.jpg,downy_mildew
202571.jpg,bacterial_leaf_streak
202572.jpg,downy_mildew
202573.jpg,downy_mildew
202574.jpg,downy_mildew
202575.jpg,brown_spot
202576.jpg,dead_heart
202577.jpg,normal
202578.jpg,bacterial_leaf_streak
202579.jpg,downy_mildew
202580.jpg,normal
202581.jpg,hispa
202582.jpg,normal
202583.jpg,hispa
202584.jpg,bacterial_leaf_streak
202585.jpg,downy_mildew
202586.jpg,bacterial_leaf_streak
202587.jpg,bacterial_panicle_blight
202588.jpg,bacterial_panicle_blight
202589.jpg,bacterial_panicle_blight
202590.jpg,blast
202591.jpg,hispa
202592.jpg,bacterial_leaf_streak
202593.jpg,dead_heart
202594.jpg,dead_heart
202595.jpg,hispa
202596.jpg,tungro
202597.jpg,hispa
202598.jpg,dead_heart
202599.jpg,hispa
202600.jpg,downy_mildew
202601.jpg,brown_spot
202602.jpg,bacterial_panicle_blight
202603.jpg,hispa
202604.jpg,bacterial_panicle_blight
202605.jpg,downy_mildew
202606.jpg,tungro
202607.jpg,hispa
202608.jpg,hispa
202609.jpg,hispa
202610.jpg,blast
202611.jpg,hispa
202612.jpg,hispa
202613.jpg,dead_heart
202614.jpg,downy_mildew
202615.jpg,bacterial_panicle_blight
202616.jpg,downy_mildew
202617.jpg,dead_heart
202618.jpg,hispa
202619.jpg,brown_spot
202620.jpg,hispa
202621.jpg,bacterial_panicle_blight
202622.jpg,dead_heart
202623.jpg,brown_spot
202624.jpg,bacterial_leaf_blight
202625.jpg,downy_mildew
202626.jpg,downy_mildew
202627.jpg,normal
202628.jpg,normal
202629.jpg,downy_mildew
202630.jpg,downy_mildew
202631.jpg,downy_mildew
202632.jpg,bacterial_leaf_streak
202633.jpg,bacterial_leaf_blight
202634.jpg,dead_heart
202635.jpg,downy_mildew
202636.jpg,hispa
202637.jpg,bacterial_leaf_streak
202638.jpg,dead_heart
202639.jpg,downy_mildew
202640.jpg,bacterial_panicle_blight
202641.jpg,bacterial_leaf_streak
202642.jpg,downy_mildew
202643.jpg,dead_heart
202644.jpg,dead_heart
202645.jpg,downy_mildew
202646.jpg,normal
202647.jpg,bacterial_leaf_streak
202648.jpg,bacterial_leaf_blight
202649.jpg,downy_mildew
202650.jpg,brown_spot
202651.jpg,dead_heart
202652.jpg,hispa
202653.jpg,normal
202654.jpg,hispa
202655.jpg,blast
202656.jpg,dead_heart
202657.jpg,bacterial_leaf_streak
202658.jpg,hispa
202659.jpg,normal
202660.jpg,hispa
202661.jpg,bacterial_leaf_streak
202662.jpg,normal
202663.jpg,brown_spot
202664.jpg,blast
202665.jpg,blast
202666.jpg,dead_heart
202667.jpg,normal
202668.jpg,bacterial_leaf_streak
202669.jpg,downy_mildew
202670.jpg,dead_heart
202671.jpg,normal
202672.jpg,blast
202673.jpg,bacterial_panicle_blight
202674.jpg,dead_heart
202675.jpg,downy_mildew
202676.jpg,normal
202677.jpg,blast
202678.jpg,hispa
202679.jpg,blast
202680.jpg,dead_heart
202681.jpg,normal
202682.jpg,hispa
202683.jpg,bacterial_panicle_blight
202684.jpg,normal
202685.jpg,bacterial_leaf_streak
202686.jpg,downy_mildew
202687.jpg,normal
202688.jpg,normal
202689.jpg,dead_heart
202690.jpg,hispa
202691.jpg,downy_mildew
202692.jpg,bacterial_leaf_streak
202693.jpg,dead_heart
202694.jpg,bacterial_leaf_streak
202695.jpg,hispa
202696.jpg,hispa
202697.jpg,bacterial_panicle_blight
202698.jpg,hispa
202699.jpg,dead_heart
202700.jpg,bacterial_leaf_streak
202701.jpg,bacterial_leaf_streak
202702.jpg,normal
202703.jpg,dead_heart
202704.jpg,bacterial_leaf_streak
202705.jpg,dead_heart
202706.jpg,normal
202707.jpg,hispa
202708.jpg,dead_heart
202709.jpg,dead_heart
202710.jpg,downy_mildew
202711.jpg,bacterial_panicle_blight
202712.jpg,normal
202713.jpg,bacterial_leaf_streak
202714.jpg,normal
202715.jpg,normal
202716.jpg,hispa
202717.jpg,bacterial_leaf_streak
202718.jpg,dead_heart
202719.jpg,bacterial_panicle_blight
202720.jpg,dead_heart
202721.jpg,bacterial_leaf_streak
202722.jpg,hispa
202723.jpg,hispa
202724.jpg,dead_heart
202725.jpg,downy_mildew
202726.jpg,downy_mildew
202727.jpg,dead_heart
202728.jpg,bacterial_leaf_blight
202729.jpg,hispa
202730.jpg,bacterial_leaf_blight
202731.jpg,normal
202732.jpg,normal
202733.jpg,hispa
202734.jpg,normal
202735.jpg,blast
202736.jpg,brown_spot
202737.jpg,bacterial_leaf_blight
202738.jpg,bacterial_leaf_streak
202739.jpg,bacterial_leaf_streak
202740.jpg,bacterial_leaf_blight
202741.jpg,normal
202742.jpg,dead_heart
202743.jpg,normal
202744.jpg,downy_mildew
202745.jpg,bacterial_panicle_blight
202746.jpg,blast
202747.jpg,normal
202748.jpg,tungro
202749.jpg,downy_mildew
202750.jpg,blast
202751.jpg,tungro
202752.jpg,downy_mildew
202753.jpg,bacterial_panicle_blight
202754.jpg,bacterial_leaf_blight
202755.jpg,downy_mildew
202756.jpg,blast
202757.jpg,downy_mildew
202758.jpg,tungro
202759.jpg,hispa
202760.jpg,hispa
202761.jpg,blast
202762.jpg,blast
202763.jpg,bacterial_panicle_blight
202764.jpg,bacterial_leaf_streak
202765.jpg,bacterial_leaf_streak
202766.jpg,blast
202767.jpg,bacterial_panicle_blight
202768.jpg,dead_heart
202769.jpg,hispa
202770.jpg,blast
202771.jpg,bacterial_leaf_streak
202772.jpg,blast
202773.jpg,normal
202774.jpg,hispa
202775.jpg,blast
202776.jpg,blast
202777.jpg,downy_mildew
202778.jpg,downy_mildew
202779.jpg,bacterial_panicle_blight
202780.jpg,downy_mildew
202781.jpg,bacterial_leaf_streak
202782.jpg,bacterial_leaf_streak
202783.jpg,hispa
202784.jpg,normal
202785.jpg,dead_heart
202786.jpg,bacterial_panicle_blight
202787.jpg,bacterial_leaf_streak
202788.jpg,dead_heart
202789.jpg,brown_spot
202790.jpg,bacterial_leaf_streak
202791.jpg,bacterial_leaf_streak
202792.jpg,brown_spot
202793.jpg,hispa
202794.jpg,normal
202795.jpg,downy_mildew
202796.jpg,downy_mildew
202797.jpg,bacterial_panicle_blight
202798.jpg,hispa
202799.jpg,bacterial_leaf_blight
202800.jpg,blast
202801.jpg,normal
202802.jpg,normal
202803.jpg,dead_heart
202804.jpg,bacterial_panicle_blight
202805.jpg,blast
202806.jpg,normal
202807.jpg,bacterial_leaf_streak
202808.jpg,dead_heart
202809.jpg,normal
202810.jpg,downy_mildew
202811.jpg,blast
202812.jpg,blast
202813.jpg,normal
202814.jpg,normal
202815.jpg,dead_heart
202816.jpg,normal
202817.jpg,brown_spot
202818.jpg,dead_heart
202819.jpg,bacterial_leaf_streak
202820.jpg,brown_spot
202821.jpg,blast
202822.jpg,hispa
202823.jpg,dead_heart
202824.jpg,dead_heart
202825.jpg,downy_mildew
202826.jpg,dead_heart
202827.jpg,blast
202828.jpg,normal
202829.jpg,hispa
202830.jpg,dead_heart
202831.jpg,hispa
202832.jpg,bacterial_leaf_streak
202833.jpg,bacterial_panicle_blight
202834.jpg,downy_mildew
202835.jpg,bacterial_leaf_blight
202836.jpg,bacterial_panicle_blight
202837.jpg,downy_mildew
202838.jpg,dead_heart
202839.jpg,normal
202840.jpg,bacterial_panicle_blight
202841.jpg,blast
202842.jpg,bacterial_leaf_streak
202843.jpg,normal
202844.jpg,bacterial_leaf_blight
202845.jpg,tungro
202846.jpg,blast
202847.jpg,normal
202848.jpg,brown_spot
202849.jpg,normal
202850.jpg,hispa
202851.jpg,brown_spot
202852.jpg,bacterial_leaf_streak
202853.jpg,dead_heart
202854.jpg,downy_mildew
202855.jpg,bacterial_leaf_blight
202856.jpg,hispa
202857.jpg,downy_mildew
202858.jpg,normal
202859.jpg,blast
202860.jpg,normal
202861.jpg,bacterial_panicle_blight
202862.jpg,blast
202863.jpg,blast
202864.jpg,downy_mildew
202865.jpg,hispa
202866.jpg,downy_mildew
202867.jpg,downy_mildew
202868.jpg,bacterial_leaf_blight
202869.jpg,dead_heart
202870.jpg,hispa
202871.jpg,brown_spot
202872.jpg,bacterial_leaf_streak
202873.jpg,normal
202874.jpg,hispa
202875.jpg,dead_heart
202876.jpg,hispa
202877.jpg,bacterial_leaf_streak
202878.jpg,normal
202879.jpg,downy_mildew
202880.jpg,normal
202881.jpg,blast
202882.jpg,dead_heart
202883.jpg,dead_heart
202884.jpg,dead_heart
202885.jpg,tungro
202886.jpg,dead_heart
202887.jpg,blast
202888.jpg,downy_mildew
202889.jpg,bacterial_leaf_streak
202890.jpg,tungro
202891.jpg,tungro
202892.jpg,normal
202893.jpg,brown_spot
202894.jpg,hispa
202895.jpg,downy_mildew
202896.jpg,dead_heart
202897.jpg,bacterial_panicle_blight
202898.jpg,bacterial_leaf_blight
202899.jpg,blast
202900.jpg,bacterial_panicle_blight
202901.jpg,bacterial_panicle_blight
202902.jpg,blast
202903.jpg,dead_heart
202904.jpg,tungro
202905.jpg,hispa
202906.jpg,dead_heart
202907.jpg,dead_heart
202908.jpg,normal
202909.jpg,tungro
202910.jpg,bacterial_leaf_streak
202911.jpg,bacterial_leaf_streak
202912.jpg,downy_mildew
202913.jpg,brown_spot
202914.jpg,hispa
202915.jpg,dead_heart
202916.jpg,downy_mildew
202917.jpg,bacterial_leaf_streak
202918.jpg,hispa
202919.jpg,dead_heart
202920.jpg,dead_heart
202921.jpg,blast
202922.jpg,tungro
202923.jpg,hispa
202924.jpg,bacterial_leaf_streak
202925.jpg,dead_heart
202926.jpg,dead_heart
202927.jpg,dead_heart
202928.jpg,normal
202929.jpg,normal
202930.jpg,dead_heart
202931.jpg,bacterial_leaf_blight
202932.jpg,blast
202933.jpg,normal
202934.jpg,blast
202935.jpg,downy_mildew
202936.jpg,normal
202937.jpg,dead_heart
202938.jpg,brown_spot
202939.jpg,downy_mildew
202940.jpg,dead_heart
202941.jpg,bacterial_panicle_blight
202942.jpg,hispa
202943.jpg,normal
202944.jpg,bacterial_leaf_streak
202945.jpg,normal
202946.jpg,bacterial_leaf_streak
202947.jpg,hispa
202948.jpg,bacterial_leaf_streak
202949.jpg,brown_spot
202950.jpg,tungro
202951.jpg,downy_mildew
202952.jpg,hispa
202953.jpg,dead_heart
202954.jpg,downy_mildew
202955.jpg,downy_mildew
202956.jpg,dead_heart
202957.jpg,bacterial_leaf_streak
202958.jpg,bacterial_panicle_blight
202959.jpg,normal
202960.jpg,brown_spot
202961.jpg,blast
202962.jpg,bacterial_leaf_streak
202963.jpg,dead_heart
202964.jpg,blast
202965.jpg,bacterial_leaf_blight
202966.jpg,bacterial_leaf_streak
202967.jpg,bacterial_panicle_blight
202968.jpg,downy_mildew
202969.jpg,blast
202970.jpg,downy_mildew
202971.jpg,dead_heart
202972.jpg,bacterial_leaf_streak
202973.jpg,downy_mildew
202974.jpg,normal
202975.jpg,bacterial_leaf_streak
202976.jpg,hispa
202977.jpg,normal
202978.jpg,dead_heart
202979.jpg,brown_spot
202980.jpg,bacterial_panicle_blight
202981.jpg,dead_heart
202982.jpg,downy_mildew
202983.jpg,dead_heart
202984.jpg,dead_heart
202985.jpg,bacterial_leaf_streak
202986.jpg,downy_mildew
202987.jpg,normal
202988.jpg,dead_heart
202989.jpg,bacterial_panicle_blight
202990.jpg,normal
202991.jpg,normal
202992.jpg,bacterial_panicle_blight
202993.jpg,hispa
202994.jpg,blast
202995.jpg,blast
202996.jpg,bacterial_panicle_blight
202997.jpg,downy_mildew
202998.jpg,dead_heart
202999.jpg,bacterial_panicle_blight
203000.jpg,blast
203001.jpg,dead_heart
203002.jpg,hispa
203003.jpg,tungro
203004.jpg,downy_mildew
203005.jpg,dead_heart
203006.jpg,dead_heart
203007.jpg,downy_mildew
203008.jpg,hispa
203009.jpg,bacterial_leaf_streak
203010.jpg,bacterial_panicle_blight
203011.jpg,dead_heart
203012.jpg,downy_mildew
203013.jpg,normal
203014.jpg,hispa
203015.jpg,dead_heart
203016.jpg,bacterial_leaf_streak
203017.jpg,dead_heart
203018.jpg,bacterial_panicle_blight
203019.jpg,downy_mildew
203020.jpg,downy_mildew
203021.jpg,blast
203022.jpg,bacterial_leaf_blight
203023.jpg,hispa
203024.jpg,tungro
203025.jpg,dead_heart
203026.jpg,downy_mildew
203027.jpg,downy_mildew
203028.jpg,hispa
203029.jpg,downy_mildew
203030.jpg,bacterial_leaf_streak
203031.jpg,hispa
203032.jpg,bacterial_leaf_blight
203033.jpg,hispa
203034.jpg,bacterial_panicle_blight
203035.jpg,blast
203036.jpg,normal
203037.jpg,downy_mildew
203038.jpg,dead_heart
203039.jpg,hispa
203040.jpg,hispa
203041.jpg,downy_mildew
203042.jpg,normal
203043.jpg,hispa
203044.jpg,bacterial_panicle_blight
203045.jpg,blast
203046.jpg,downy_mildew
203047.jpg,downy_mildew
203048.jpg,downy_mildew
203049.jpg,bacterial_leaf_blight
203050.jpg,hispa
203051.jpg,blast
203052.jpg,hispa
203053.jpg,bacterial_leaf_streak
203054.jpg,normal
203055.jpg,hispa
203056.jpg,hispa
203057.jpg,bacterial_leaf_blight
203058.jpg,normal
203059.jpg,bacterial_panicle_blight
203060.jpg,normal
203061.jpg,hispa
203062.jpg,dead_heart
203063.jpg,normal
203064.jpg,hispa
203065.jpg,blast
203066.jpg,brown_spot
203067.jpg,bacterial_panicle_blight
203068.jpg,hispa
203069.jpg,hispa
203070.jpg,bacterial_panicle_blight
203071.jpg,downy_mildew
203072.jpg,downy_mildew
203073.jpg,normal
203074.jpg,hispa
203075.jpg,dead_heart
203076.jpg,bacterial_panicle_blight
203077.jpg,normal
203078.jpg,downy_mildew
203079.jpg,hispa
203080.jpg,normal
203081.jpg,downy_mildew
203082.jpg,normal
203083.jpg,hispa
203084.jpg,downy_mildew
203085.jpg,downy_mildew
203086.jpg,hispa
203087.jpg,dead_heart
203088.jpg,downy_mildew
203089.jpg,downy_mildew
203090.jpg,bacterial_panicle_blight
203091.jpg,dead_heart
203092.jpg,normal
203093.jpg,bacterial_panicle_blight
203094.jpg,hispa
203095.jpg,bacterial_leaf_blight
203096.jpg,downy_mildew
203097.jpg,bacterial_panicle_blight
203098.jpg,normal
203099.jpg,bacterial_panicle_blight
203100.jpg,downy_mildew
203101.jpg,normal
203102.jpg,bacterial_leaf_streak
203103.jpg,bacterial_panicle_blight
203104.jpg,dead_heart
203105.jpg,bacterial_panicle_blight
203106.jpg,normal
203107.jpg,bacterial_panicle_blight
203108.jpg,brown_spot
203109.jpg,bacterial_panicle_blight
203110.jpg,dead_heart
203111.jpg,hispa
203112.jpg,bacterial_panicle_blight
203113.jpg,downy_mildew
203114.jpg,downy_mildew
203115.jpg,bacterial_panicle_blight
203116.jpg,tungro
203117.jpg,downy_mildew
203118.jpg,blast
203119.jpg,dead_heart
203120.jpg,dead_heart
203121.jpg,hispa
203122.jpg,bacterial_panicle_blight
203123.jpg,bacterial_leaf_blight
203124.jpg,downy_mildew
203125.jpg,dead_heart
203126.jpg,normal
203127.jpg,bacterial_leaf_blight
203128.jpg,bacterial_leaf_streak
203129.jpg,downy_mildew
203130.jpg,downy_mildew
203131.jpg,hispa
203132.jpg,bacterial_leaf_streak
203133.jpg,tungro
203134.jpg,bacterial_panicle_blight
203135.jpg,dead_heart
203136.jpg,hispa
203137.jpg,bacterial_panicle_blight
203138.jpg,downy_mildew
203139.jpg,bacterial_leaf_streak
203140.jpg,dead_heart
203141.jpg,bacterial_panicle_blight
203142.jpg,normal
203143.jpg,bacterial_leaf_streak
203144.jpg,hispa
203145.jpg,normal
203146.jpg,blast
203147.jpg,blast
203148.jpg,bacterial_panicle_blight
203149.jpg,hispa
203150.jpg,bacterial_leaf_streak
203151.jpg,hispa
203152.jpg,dead_heart
203153.jpg,bacterial_panicle_blight
203154.jpg,downy_mildew
203155.jpg,bacterial_leaf_streak
203156.jpg,dead_heart
203157.jpg,tungro
203158.jpg,downy_mildew
203159.jpg,dead_heart
203160.jpg,hispa
203161.jpg,hispa
203162.jpg,dead_heart
203163.jpg,downy_mildew
203164.jpg,normal
203165.jpg,blast
203166.jpg,hispa
203167.jpg,normal
203168.jpg,hispa
203169.jpg,normal
203170.jpg,normal
203171.jpg,bacterial_panicle_blight
203172.jpg,dead_heart
203173.jpg,blast
203174.jpg,dead_heart
203175.jpg,normal
203176.jpg,bacterial_leaf_blight
203177.jpg,bacterial_panicle_blight
203178.jpg,blast
203179.jpg,dead_heart
203180.jpg,hispa
203181.jpg,bacterial_leaf_streak
203182.jpg,normal
203183.jpg,hispa
203184.jpg,brown_spot
203185.jpg,brown_spot
203186.jpg,tungro
203187.jpg,hispa
203188.jpg,hispa
203189.jpg,brown_spot
203190.jpg,downy_mildew
203191.jpg,dead_heart
203192.jpg,blast
203193.jpg,downy_mildew
203194.jpg,bacterial_leaf_streak
203195.jpg,dead_heart
203196.jpg,bacterial_panicle_blight
203197.jpg,dead_heart
203198.jpg,normal
203199.jpg,hispa
203200.jpg,normal
203201.jpg,hispa
203202.jpg,dead_heart
203203.jpg,dead_heart
203204.jpg,dead_heart
203205.jpg,downy_mildew
203206.jpg,blast
203207.jpg,bacterial_leaf_streak
203208.jpg,bacterial_panicle_blight
203209.jpg,downy_mildew
203210.jpg,hispa
203211.jpg,hispa
203212.jpg,downy_mildew
203213.jpg,bacterial_panicle_blight
203214.jpg,hispa
203215.jpg,bacterial_panicle_blight
203216.jpg,bacterial_panicle_blight
203217.jpg,blast
203218.jpg,tungro
203219.jpg,dead_heart
203220.jpg,normal
203221.jpg,downy_mildew
203222.jpg,downy_mildew
203223.jpg,blast
203224.jpg,blast
203225.jpg,bacterial_leaf_streak
203226.jpg,brown_spot
203227.jpg,bacterial_leaf_blight
203228.jpg,normal
203229.jpg,tungro
203230.jpg,blast
203231.jpg,bacterial_panicle_blight
203232.jpg,downy_mildew
203233.jpg,brown_spot
203234.jpg,downy_mildew
203235.jpg,hispa
203236.jpg,dead_heart
203237.jpg,hispa
203238.jpg,normal
203239.jpg,normal
203240.jpg,dead_heart
203241.jpg,bacterial_leaf_streak
203242.jpg,blast
203243.jpg,bacterial_leaf_streak
203244.jpg,normal
203245.jpg,blast
203246.jpg,bacterial_leaf_streak
203247.jpg,downy_mildew
203248.jpg,normal
203249.jpg,bacterial_panicle_blight
203250.jpg,blast
203251.jpg,hispa
203252.jpg,dead_heart
203253.jpg,hispa
203254.jpg,blast
203255.jpg,bacterial_leaf_streak
203256.jpg,bacterial_leaf_blight
203257.jpg,bacterial_panicle_blight
203258.jpg,bacterial_panicle_blight
203259.jpg,brown_spot
203260.jpg,downy_mildew
203261.jpg,hispa
203262.jpg,bacterial_panicle_blight
203263.jpg,blast
203264.jpg,hispa
203265.jpg,dead_heart
203266.jpg,bacterial_leaf_streak
203267.jpg,bacterial_panicle_blight
203268.jpg,hispa
203269.jpg,normal
203270.jpg,bacterial_panicle_blight
203271.jpg,brown_spot
203272.jpg,hispa
203273.jpg,bacterial_leaf_streak
203274.jpg,normal
203275.jpg,brown_spot
203276.jpg,bacterial_panicle_blight
203277.jpg,bacterial_leaf_streak
203278.jpg,tungro
203279.jpg,downy_mildew
203280.jpg,downy_mildew
203281.jpg,bacterial_leaf_streak
203282.jpg,hispa
203283.jpg,hispa
203284.jpg,normal
203285.jpg,bacterial_panicle_blight
203286.jpg,hispa
203287.jpg,hispa
203288.jpg,bacterial_panicle_blight
203289.jpg,blast
203290.jpg,hispa
203291.jpg,brown_spot
203292.jpg,hispa
203293.jpg,brown_spot
203294.jpg,dead_heart
203295.jpg,downy_mildew
203296.jpg,dead_heart
203297.jpg,downy_mildew
203298.jpg,dead_heart
203299.jpg,tungro
203300.jpg,dead_heart
203301.jpg,hispa
203302.jpg,bacterial_panicle_blight
203303.jpg,dead_heart
203304.jpg,bacterial_panicle_blight
203305.jpg,blast
203306.jpg,dead_heart
203307.jpg,downy_mildew
203308.jpg,dead_heart
203309.jpg,normal
203310.jpg,dead_heart
203311.jpg,downy_mildew
203312.jpg,normal
203313.jpg,blast
203314.jpg,hispa
203315.jpg,bacterial_leaf_streak
203316.jpg,downy_mildew
203317.jpg,dead_heart
203318.jpg,hispa
203319.jpg,bacterial_panicle_blight
203320.jpg,bacterial_leaf_streak
203321.jpg,tungro
203322.jpg,bacterial_leaf_streak
203323.jpg,bacterial_leaf_streak
203324.jpg,blast
203325.jpg,normal
203326.jpg,dead_heart
203327.jpg,bacterial_leaf_streak
203328.jpg,brown_spot
203329.jpg,dead_heart
203330.jpg,tungro
203331.jpg,normal
203332.jpg,downy_mildew
203333.jpg,dead_heart
203334.jpg,normal
203335.jpg,bacterial_leaf_streak
203336.jpg,normal
203337.jpg,bacterial_panicle_blight
203338.jpg,blast
203339.jpg,blast
203340.jpg,downy_mildew
203341.jpg,dead_heart
203342.jpg,bacterial_panicle_blight
203343.jpg,bacterial_panicle_blight
203344.jpg,dead_heart
203345.jpg,downy_mildew
203346.jpg,hispa
203347.jpg,hispa
203348.jpg,bacterial_panicle_blight
203349.jpg,bacterial_panicle_blight
203350.jpg,normal
203351.jpg,brown_spot
203352.jpg,blast
203353.jpg,dead_heart
203354.jpg,blast
203355.jpg,bacterial_leaf_streak
203356.jpg,tungro
203357.jpg,downy_mildew
203358.jpg,blast
203359.jpg,downy_mildew
203360.jpg,downy_mildew
203361.jpg,bacterial_panicle_blight
203362.jpg,normal
203363.jpg,normal
203364.jpg,bacterial_leaf_streak
203365.jpg,normal
203366.jpg,dead_heart
203367.jpg,hispa
203368.jpg,downy_mildew
203369.jpg,bacterial_panicle_blight
203370.jpg,downy_mildew
203371.jpg,normal
203372.jpg,hispa
203373.jpg,blast
203374.jpg,hispa
203375.jpg,downy_mildew
203376.jpg,downy_mildew
203377.jpg,normal
203378.jpg,hispa
203379.jpg,dead_heart
203380.jpg,bacterial_leaf_streak
203381.jpg,blast
203382.jpg,hispa
203383.jpg,dead_heart
203384.jpg,hispa
203385.jpg,downy_mildew
203386.jpg,downy_mildew
203387.jpg,downy_mildew
203388.jpg,downy_mildew
203389.jpg,hispa
203390.jpg,brown_spot
203391.jpg,normal
203392.jpg,blast
203393.jpg,tungro
203394.jpg,bacterial_leaf_streak
203395.jpg,normal
203396.jpg,bacterial_leaf_streak
203397.jpg,downy_mildew
203398.jpg,normal
203399.jpg,downy_mildew
203400.jpg,downy_mildew
203401.jpg,dead_heart
203402.jpg,blast
203403.jpg,brown_spot
203404.jpg,downy_mildew
203405.jpg,bacterial_leaf_blight
203406.jpg,downy_mildew
203407.jpg,hispa
203408.jpg,normal
203409.jpg,dead_heart
203410.jpg,hispa
203411.jpg,blast
203412.jpg,hispa
203413.jpg,downy_mildew
203414.jpg,blast
203415.jpg,hispa
203416.jpg,hispa
203417.jpg,blast
203418.jpg,bacterial_panicle_blight
203419.jpg,bacterial_leaf_blight
203420.jpg,tungro
203421.jpg,normal
203422.jpg,hispa
203423.jpg,bacterial_leaf_streak
203424.jpg,tungro
203425.jpg,bacterial_leaf_streak
203426.jpg,dead_heart
203427.jpg,blast
203428.jpg,normal
203429.jpg,bacterial_panicle_blight
203430.jpg,dead_heart
203431.jpg,downy_mildew
203432.jpg,brown_spot
203433.jpg,dead_heart
203434.jpg,tungro
203435.jpg,normal
203436.jpg,hispa
203437.jpg,downy_mildew
203438.jpg,hispa
203439.jpg,bacterial_leaf_blight
203440.jpg,blast
203441.jpg,bacterial_panicle_blight
203442.jpg,dead_heart
203443.jpg,bacterial_leaf_streak
203444.jpg,hispa
203445.jpg,dead_heart
203446.jpg,downy_mildew
203447.jpg,hispa
203448.jpg,hispa
203449.jpg,hispa
203450.jpg,normal
203451.jpg,blast
203452.jpg,bacterial_panicle_blight
203453.jpg,downy_mildew
203454.jpg,dead_heart
203455.jpg,hispa
203456.jpg,brown_spot
203457.jpg,downy_mildew
203458.jpg,blast
203459.jpg,normal
203460.jpg,normal
203461.jpg,normal
203462.jpg,dead_heart
203463.jpg,normal
203464.jpg,bacterial_panicle_blight
203465.jpg,dead_heart
203466.jpg,hispa
203467.jpg,normal
203468.jpg,bacterial_leaf_streak
203469.jpg,dead_heart
